,itemSeq,itemName
0,200300406,닥터베아제정
1,198801525,뮤테란캡슐200밀리그램(아세틸시스테인)
2,198700405,베아제정
3,198700430,알마겔정(알마게이트)(수출명:유한가스트라겔정)
4,199500435,엘도스캡슐(에르도스테인)
5,199400202,판피린티정
6,199900926,훼스탈골드정
7,199801026,훼스탈플러스정
8,201800124,쎈비백정
9,201600574,가네진정
10,198601398,가네카정
11,200808096,가네탑골드연질캡슐
12,201507261,가딘정75밀리그램(라니티딘염산염)
13,198802329,가레오연질캡슐(디히드록시디부틸에테르)
14,198802326,가레오연질캡슐500밀리그램(디히드록시디부틸에테르)
15,201908292,가스부틴정100mg(트리메부틴말레산염)
16,201500053,감마마그빅연질캡슐
17,201603917,감마비골드연질캡슐
18,197000208,건위황정
19,199501099,게루삼엠정(건조수산화알루미늄겔)
20,196400046,게루삼정
21,200500548,게므론골드정
22,200500557,게므론코큐텐정
23,202007294,게보린릴랙스연질캡슐
24,201908295,게보린소프트연질캡슐
25,197900277,게보린정(수출명:돌로린정)
26,202006756,게보린쿨다운정
27,201310271,게이트정(알마게이트)
28,201201680,겔티-포르테연질캡슐
29,201902242,겔포스디엑스정
30,200501415,경남그린웰연질캡슐
31,201403474,경남나프록센연질캡슐
32,201307766,경남데일리디츄어블정
33,200904353,경남비타민씨정
34,201309112,경동아스피린장용정
35,201206820,경보아스피린장용정
36,200600411,고가이큐캡슐(수출명:gogaiQCapsules)
37,201205043,고운자임맘정
38,200905053,고운자임수정
39,201306109,고칼디정
40,200802314,골드타민연질캡슐
41,199902612,골사민캡슐(결정글루코사민황산염)(수출명:NEOCOMIN)
42,201600289,광동리버샷정
43,201702015,광동아스피린장용정100mg
44,201502890,구루치온정100밀리그램(글루타티온(환원형))
45,200801686,구바파정
46,200809204,구아내정
47,200102905,구주로라타딘정10밀리그람(수출명:로히스타정)
48,201404877,국제아스피린장용정100mg
49,200900682,굿스펜연질캡슐(덱시부프로펜)
50,201705221,그날엔노즈플러스연질캡슐
51,201903015,그날엔덱스연질캡슐(덱시부프로펜)
52,200902301,그날엔정
53,201705220,그날엔코프플러스연질캡슐
54,201705219,그날엔콜드플러스연질캡슐
55,200906330,그날엔큐정
56,198800444,그랑페롤연질캡슐1000아이유(비타민이프리퍼레이션)
57,198700431,그랑페롤연질캡슐400아이유(비타민이프리퍼레이션)(군납명:토코페롤연질캡슐400아이유100캡슐)
58,199502365,그루타제정
59,200202148,그리펜-에스정(덱시부프로펜)
60,200902769,그린노즈에스캡슐
61,202007330,그린데이플러스장용연질캡슐
62,201405928,그린코푸에스캡슐
63,201402984,그린콜샷리퀴드연질캡슐
64,200711330,그린콜샷에스캡슐
65,200608329,그린콜연질캡슐
66,201502394,근속프정(클로르족사존)
67,201403560,근편정
68,201307834,글로게이트정(알마게이트)
69,201207377,글로덱시정300mg(덱시부프로펜)
70,201402959,글로아스피린장용정100mg(아스피린)
71,201305220,글루100정(글루타티온(환원형))
72,202101356,글루비타정
73,201902007,글루타틴정100mg(글루타티온(환원형))
74,202002332,글치온정(글루타티온(환원형))
75,201202397,기가렉스연질캡슐
76,200004264,기가에이연질캡슐
77,201508445,기가엔드연질캡슐
78,201605499,기가제로연질캡슐
79,201603223,기가파워연질캡슐
80,201606791,기가프신연질캡슐
81,197200084,기모타부정(수출명:케이티정)
82,200803434,기스톱정(세티리진염산염)
83,200000493,기치코프에스캡슐
84,201508272,까스앤프리츄정(시메티콘)
85,200904182,나노민연질캡슐
86,200302831,나노펜정
87,199401319,나로펜정(나프록센나트륨)
88,198701721,나르펜정400밀리그램(이부프로펜)(수출명:PANALTab.)
89,201403877,나리센연질캡슐(나프록센)
90,201707455,나스타제정
91,201906314,나스펜연질캡슐(아세트아미노펜)
92,201306491,나쎈연질캡슐(나프록센)
93,201401095,나에겐연질캡슐(나프록센)
94,201604724,나이스노즈연질캡슐
95,201604716,나이스코프연질캡슐
96,201604721,나이스콜드연질캡슐
97,201602427,나인나인정
98,200500806,나프노펜정(나프록센나트륨)
99,201701248,나프록소정(나프록센나트륨)
100,199801959,나프록스정275mg(나프록센나트륨)
101,200204388,나프록신정(나프록센나트륨)
102,199802387,나프롱정(나프록센나트륨)
103,201902876,나프원큐연질캡슐(나프록센)
104,201501592,낙센연질캡슐(나프록센)
105,197500016,낙센정(나프록센)
106,201101801,난타코프연질캡슐
107,201107450,난타콜연질캡슐
108,201201967,네로민정
109,202002321,네오벤졸정(알벤다졸)
110,200801383,네오칼디정
111,201309541,네오코정
112,201706691,네오콜캡슐
113,201800286,네오콜코프캡슐
114,201803647,네오크로신연질캡슐(클로닉신리시네이트)
115,199802000,네프비타정
116,200502970,넥스톤연질캡슐
117,199804331,넥스팜염산암부록솔정(암브록솔염산염)
118,199804362,넥스팜탄산칼슘정(침강탄산칼슘)
119,201901124,넥스펜정
120,201310349,넥스핀장용정100mg(아스피린)
121,201804383,넥콘600에프정
122,201801071,넬슨라니티딘염산염정75밀리그램
123,199802138,넬슨로라타딘정
124,199501735,넬슨이부프로펜정200밀리그램(이부프로펜)
125,199501736,넬슨이부프로펜정400밀리그램(이부프로펜)
126,200000743,노노콜캡슐
127,198601395,노리스정(클로닉신리시네이트)
128,200906281,노스핀캡슐
129,202002642,노시드정
130,201701612,노이제로정
131,200511325,노자임캡슐(판크레아틴장용성제피정)
132,200907915,노자임캡슐10000(판크레아틴장용성제피미세정)
133,201307930,노자임캡슐40000(판크레아틴장용성제피펠렛)
134,201402832,노즈쏙정
135,200709062,노콜레스연질캡슐
136,199701227,노타민정(로라타딘)
137,200102527,노텍정(세티리진염산염)
138,200710816,노페로캡슐(황산제일철장용성제피정)
139,200303328,노플정
140,201803375,녹십자폴산정
141,199200475,누코미트캡슐200밀리그램(아세틸시스테인)
142,200708954,눈모아연질캡슐
143,202004930,뉴락스에프정
144,200501661,뉴란스플러스정
145,201503940,뉴로셀텍정
146,201803716,뉴로엘민에프정
147,200301985,뉴로친연질캡슐
148,201508117,뉴먼트마하연질캡슐
149,201308209,뉴먼트에이스연질캡슐
150,202000397,뉴먼트엠지플러스큐연질캡슐
151,201707822,뉴믹스탈삼중정
152,201604164,뉴셀렌연질캡슐
153,201801356,뉴스피린장용정100밀리그램(아스피린)
154,201602871,뉴에르도테캡슐(에르도스테인)
155,200301795,뉴젠비싸이모정
156,201900111,뉴코딜정
157,201103116,뉴콘틴연질캡슐
158,200901146,뉴클로정(클로닉신리시네이트)
159,201501322,뉴트리-비골드정
160,201305371,뉴트리-비프리미엄정
161,200502965,뉴트리비타에프연질캡슐
162,202003327,뉴트리액티브정
163,201306287,뉴화콜클래식골드캡슐
164,201404327,니자드정(니자티딘)
165,200501559,니자티드정(니자티딘)
166,201504059,니코에이껌(니코틴폴라크릴렉스)
167,200603856,니코틴엘껌2밀리그램(니코틴)
168,200511037,니코틴엘로젠즈민트향트로키1밀리그램(니코틴타르타르산염수화물)
169,200302728,니타딘정(니자티딘)
170,201404125,다나센연질캡슐(나프록센)
171,202002503,다나펜큐연질캡슐
172,200705433,다나프록센정(나프록센나트륨)
173,201706530,다리아정
174,200300416,다보타민큐정
175,201602093,다비어정
176,200904538,다비움정
177,202004224,다산알벤다졸정400밀리그램
178,200502128,다아펜정
179,200402560,다우제큐정
180,200904507,다이락스-큐정
181,199102092,다이야펜정400밀리그램(이부프로펜)
182,200400785,다이오친에프정
183,200905402,다이제스칸정
184,200902108,다이제스토정
185,200200852,다이제스트정
186,200904689,다이제틴정
187,198902158,다이투스정(암브록솔염산염)
188,198902527,다제스캡슐
189,202002084,다졸정(알벤다졸)
190,201500673,다펜-큐연질캡슐(이부프로펜)
191,200000930,닥스펜정(덱시부프로펜)
192,200808028,단자민정(디펜히드라민염산염)
193,201902794,담엔싹정
194,199700873,대우로라타딘정(수출명:로미딘정|라틴정|필미딘정)
195,201803126,대웅바이오아스피린장용정100밀리그램
196,201908540,대웅바이오알마게이트정500밀리그램
197,200610975,대웅알벤다졸정(수출명:MedalbenTab|Daezole)
198,197000040,대웅우루사연질캡슐
199,199501234,대원알마게이트정
200,201606577,대화산화마그네슘정
201,198801657,대화이부프로펜정400밀리그램(수출명:UPRO400|IBUFEN)
202,201209010,더가드코와정장정
203,201907628,더게인디정
204,201901973,더게인정
205,200906642,더마화이트정
206,201109596,더블락캡슐
207,201801695,더블액티브정
208,201904177,더블유녹스정(글루타티온(환원형))
209,201606067,더블자임정
210,200301766,데이감에스정
211,200600517,데이노즈정
212,201903569,데일리비타정
213,197800027,데카키논캡슐(유비데카레논캡슐)
214,200401219,데코라펜연질캡슐(덱시부프로펜)
215,200101016,데코라펜정(덱시부프로펜)
216,201905840,덱브펜정300밀리그램(덱시부프로펜)
217,201602068,덱스렌정(덱시부프로펜디.씨.)
218,201104764,덱스리펜연질캡슐(덱시부프로펜)
219,201902982,덱스원큐연질캡슐(덱시부프로펜)
220,200905351,덱스쿨연질캡슐(덱시부프로펜)
221,201502386,덱스트론정300밀리그램(덱시부프로펜디.씨.)
222,201110646,덱스피드연질캡슐(덱시부프로펜)
223,200101683,덱스핀정(덱시부프로펜디.씨)
224,201905836,덱시네정(덱시부프로펜)
225,200400135,덱시로펜정(덱시부프로펜)
226,200809274,덱시부펜연질캡슐(덱시부프로펜)
227,200900041,덱시엔연질캡슐(덱시부프로펜)
228,200808462,덱시원연질캡슐(덱시부프로펜)
229,201908438,덱시파인정(덱시부프로펜)
230,201110516,덱시푸루펜연질캡슐(덱시부프로펜)
231,201503809,덱시프렌드연질캡슐(덱시부프로펜)
232,201401248,덱쎈연질캡슐(덱시부프로펜)
233,201701383,덱펜정(덱시부프로펜)
234,200300192,덴드리스캡슐
235,200201998,덴스롤캡슐
236,199702621,덴스민캡슐
237,201604914,덴스트롱캡슐
238,200503125,덴카바캡슐
239,200404168,덴타-파워캡슐
240,201404973,덴타가드플러스캡슐
241,201502962,덴타나캡슐
242,200800231,덴타메디에프캡슐
243,200300953,덴타민캡슐
244,200401852,덴타씨포르테캡슐
245,200607736,덴타자임캡슐
246,200904003,덴타칸캡슐
247,200201771,덴타포스캡슐
248,199901258,덴탁스캡슐
249,200300867,덴탈파인캡슐
250,200906301,덴탑플러스캡슐
251,200811885,덴트큐캡슐
252,201603208,덴티골드캡슐
253,200500882,덴티나인캡슐
254,201502798,덴티드에프캡슐
255,200403718,덴티몬캡슐
256,200502646,덴티에프캡슐
257,200300598,덴티엔플러스캡슐
258,201405454,덴티큐어캡슐
259,200707923,덴티하이캡슐
260,200708081,덴파사캡슐
261,201404885,덴퍼스골드캡슐
262,199900968,덴포스에프캡슐
263,200808774,덴플러스포르테캡슐
264,201208419,도담도담츄어블정
265,201405706,도미다프리미엄정
266,200201733,도브콜정
267,200300579,도스틴캡슐(에르도스테인)
268,201900187,독립목클린캡슐200밀리그램(아세틸시스테인)
269,200000242,동광세티리진염산염정
270,199600203,동광알마게이트정
271,201901209,동성비오틴정
272,201606935,동성에르도스테인캡슐(에르도스테인)
273,201803204,동성정로환에프정
274,201308676,동인당나프록센정(나프록센나트륨)
275,200100780,동화덴스톨캡슐
276,201805153,동화엘텐정(에르도스테인)
277,198301037,두리방연질캡슐
278,200302266,두배락캡슐(바실루스리케니포르미스균)
279,200502014,두스카정
280,200403642,두캅스에이연질캡슐
281,201802851,둘코라인정
282,200906478,둘코락스에스장용정
283,202000416,듀얼싹장용연질캡슐
284,202105229,듀얼파모정
285,201706690,듀오그린정
286,199302061,듀오락스정
287,201602342,듀오레캡슐
288,201900986,디뉴펜정(덱시부프로펜)
289,201309386,디맥정(농축콜레칼시페롤과립)
290,201900225,디맥트리플정
291,201200717,디멘정
292,201404271,디센트에스정
293,201405439,디소론캡슐(디오스민)
294,200001495,디아로펜캡슐
295,202003060,디아로펜플러스캡슐
296,202001726,디어미순정
297,201401236,디어미정
298,201906140,디오맥스정600밀리그램(디오스민)
299,201403062,디오본1000정
300,201403060,디오본100정
301,201403061,디오본포르테정
302,201700836,디유비정
303,200402122,디젠정(수출명:Digestal|Dailase)
304,201901368,디카렉정
305,200501369,디카맥스1000정
306,200802773,디카맥스디정
307,200802864,디카맥스디플러스정
308,201703064,디카본100정
309,201703065,디카본300정
310,201703066,디카본500정
311,201303989,디카엠정
312,201705793,디카테오400정
313,201205447,디카테오정
314,200809786,디카틴정(엘카르니틴)
315,198601047,디크로닉정(클로닉신리시네이트)
316,199301968,디크로닉정250밀리그램(클로닉신리시네이트)
317,200807882,디펙타민연질캡슐(디펜히드라민염산염)
318,200301983,디펜코정
319,200400904,디펜콜에이캡슐
320,200001172,디퓨탭서방정(이부프로펜)
321,200905055,디퓨텐연질캡슐(덱시부프로펜)
322,200201329,디프로펜정300밀리그램(덱시부프로펜디.씨.)
323,201402563,라니돈정75밀리그램(라니티딘염산염)
324,200202988,라니드정(라니티딘염산염)
325,201402056,라니딘정75mg(라니티딘염산염)
326,201401417,라니린에스정
327,200003153,라니몬정
328,201109654,라니아정
329,199800473,라니원정
330,201907633,라니탄큐정
331,200606617,라니티스정
332,201310297,라니티엠정(라니티딘염산염)
333,200001232,라니포스정
334,200502160,라닉스정75밀리그램(라니티딘염산염)
335,201404884,라디틴정(라니티딘염산염)
336,200802969,라딘정75밀리그램(염산라니티딘)
337,201310533,라딘큐정(라니티딘염산염)
338,199901076,라마틴정
339,199902620,라모겔정
340,199803118,라미신정
341,200611395,라시도필캡슐
342,200802513,라이켄캡슐500mg(바실루스리케니포르미스균)
343,201602551,라투딘정75밀리그램(라니티딘염산염)
344,199902858,라티딘정
345,202002166,라파부틴정100밀리그램(트리메부틴말레산염)
346,201802700,락비오캡슐(바실루스리케니포르미스균)
347,201507418,락서스정
348,201800675,락스타캡슐(락토바실루스카제이변종람노수스의동결건조배양물)
349,201500685,락시러스캡슐(바실루스리케니포르미스균)
350,201508035,락토딘캡슐
351,201505072,락토민지캡슐(바실루스리케니포르미스균)
352,200200343,락토바이장용캡슐(바실루스서브틸리스균·엔테로코쿠스페슘균배양물)
353,201507631,락토셀캡슐(바실루스리케니포르미스균)
354,201602610,락토엔큐캡슐(바실루스리케니포르미스균)
355,200400118,락토웰장용캡슐(바실루스서브틸리스균·엔테로코쿠스페슘균배양물)
356,201801769,락토필캡슐300밀리그램(락토바실루스아시도필루스균)
357,199900789,란플러스정
358,200301486,람노스캡슐(락토바실루스카제이변종람노수스)(수출명1:올바이오캡슐|수출명2:안티비오포르테캡슐)
359,201700802,람노스캡슐500밀리그램(락토바실루스카제이변종람노수스)
360,201401826,래피콜노즈연질캡슐
361,201205838,래피콜데이앤나잇연질캡슐
362,201903134,래피콜데이연질캡슐
363,200605371,래피콜에이캡슐
364,201402081,래피콜코프연질캡슐
365,201902261,래피콜코프플러스연질캡슐
366,200712903,랜시드정
367,200703718,랠리토닉연질캡슐
368,200201849,러지코정
369,199802009,러지텍정(세티리진염산염)
370,201402061,러지피드정
371,199900351,레날민정
372,201702394,레도신연질캡슐(클로닉신리시네이트)
373,201905292,레드넥콜연질캡슐
374,201205577,레드코에프연질캡슐
375,201300037,레드코프에프연질캡슐
376,201205978,레드콜에프연질캡슐
377,200608328,레드콜연질캡슐
378,199702118,레디비타정
379,200501573,레디페린-에프캡슐
380,201505608,레모나씨플러스정
381,198902101,레보시톤연질캡슐(엘-시스틴)
382,200202720,레스톨캡슐
383,201801498,레이디원연질캡슐
384,201708080,레이디퀸연질캡슐
385,198700060,레큐틴정(트리메부틴말레산염)
386,201902786,레티코연질캡슐
387,201902787,레티코프연질캡슐
388,201902788,레티콜연질캡슐
389,199901519,레피즈캡슐(니푸록사지드)
390,201604350,렉센엔캡슐(디오스민)
391,200301368,렉스판정
392,200701280,렉스펜정
393,201605007,렘피드캡슐(에르도스테인)
394,201310301,로가렉신연질캡슐
395,200904082,로노펜300연질캡슐(덱시부프로펜)
396,200100922,로노펜정(덱시부프로펜)
397,200001184,로다인정(로라타딘)
398,201507693,로라딘연질캡슐(로라타딘)
399,201404206,로라젠정(로라타딘)
400,199901601,로라타인정(로라타딘)(수출명:UnidineTabs.|LergicylTabs.|AirtalineTabs.)
401,199702177,로리딘정(로라타딘)
402,201508135,로마졸질정100mg(클로트리마졸)
403,201907883,로멜라인장용정(브로멜라인)
404,201900156,로멜트립정
405,199701488,로비탈연질캡슐
406,201802446,로스테인캡슐(아세틸시스테인)
407,201003571,로얄비타연질캡슐
408,200009088,로와치넥스캡슐
409,200009525,로와콜연질캡슐
410,200102499,로이디펜캡슐
411,199400028,로이솔정(암브록솔염산염)
412,200301993,로젤민연질캡슐(수출명:EROJELLMIN)
413,200502669,로콜연질캡슐
414,199701967,로텍정(세티리진염산염)(수출명:ZINRYTECTabs)
415,197800212,로파인캡슐(로페라미드염산염)
416,201604010,로페도에프캡슐
417,199702618,로페랄연질캡슐
418,201604211,로페리놀에스캡슐
419,200102596,로페리드캡슐
420,201402408,로페시콘츄정
421,197600412,로프민캡슐(로페라미드염산염)
422,201404888,로피딘캡슐(로페라미드염산염)
423,198900699,록솔정(암브록솔염산염)
424,201000863,루마칼플러스연질캡슐
425,201602120,루비돌플러스캡슐
426,202000172,루치온정100mg(글루타티온(환원형))
427,202001466,루치온정50밀리그램(글루타티온(환원형))
428,199600625,루트펜325밀리그램정(아세트아미노펜)
429,202005496,루피엔연질캡슐(이부프로펜)
430,200704406,룩스린에프연질캡슐
431,201206575,류마600정
432,200402581,리게논-큐연질캡슐
433,200502304,리나민연질캡슐
434,197800466,리나치올캡슐375밀리그램(카르보시스테인)(수출명:HyundiolCapsule375Mg)
435,198301005,리나치올캡슐500밀리그람(L-카르보시스테인)(수출명:HyundiolCapsule500Mg)
436,200403647,리놀민연질캡슐
437,202000214,리놀에스트로키(플루르비프로펜)
438,199701416,리도펜연질캡슐(이부프로펜)
439,201400325,리드콜연질캡슐
440,202004906,리드테라비액티브정
441,201403460,리드펜플러스연질캡슐(덱시부프로펜)
442,200502310,리렉사정
443,200202194,리렉스펜정
444,200308619,리리스정
445,200003409,리메부틴정(트리메부틴말레산염)
446,200600412,리버베타연질캡슐(수출명:ganliver)
447,200906256,리버엔에프연질캡슐
448,200301855,리버칼연질캡슐
449,200904697,리버텍트골드연질캡슐
450,200903043,리버파워포르테연질캡슐
451,200403719,리버포유연질캡슐
452,200901818,리버플란연질캡슐
453,200402297,리보렌에스연질캡슐
454,199802671,리보테인정
455,201801922,리액타민연질캡슐
456,201309804,리액트프리미엄정
457,201905873,리어스탑캡슐
458,199302515,리오루펜정400밀리그람(이부프로펜)
459,201804267,리치올정
460,201803896,리치정
461,202005973,리치칼비정
462,200102561,리치칼슘연질캡슐(알파칼시돌)
463,201803598,리카바연질캡슐
464,202006434,리큐비이엑스정
465,201404287,리포유정
466,200004038,리피클연질캡슐
467,201307061,린아스장용정(아스피린)
468,201402703,릴랙슬정(클로르족사존)
469,200810727,릴렉스정
470,201901551,릴리애정
471,202000245,릴리큐장용연질캡슐
472,201900100,마게이트정(알마게이트)
473,201800515,마겐정(알마게이트)
474,201901436,마그감마맥스연질캡슐
475,201705211,마그넘액티브연질캡슐
476,201708055,마그네비정
477,202003341,마그네스디정
478,200301499,마그네스정
479,202000147,마그네정
480,201701043,마그넥신연질캡슐
481,200608466,마그넬정(수산화마그네슘)
482,200905423,마그롤연질캡슐
483,201700055,마그릭츄어블정
484,201405110,마그맥스연질캡슐
485,201403242,마그밀에스정(산화마그네슘)
486,197400246,마그밀정(수산화마그네슘)
487,202103608,마그벤맥스연질캡슐
488,201501637,마그벤연질캡슐
489,201601691,마그비감마연질캡슐
490,202104379,마그비맥스연질캡슐
491,201706740,마그비액티브정
492,201307920,마그비연질캡슐
493,201308377,마그셀연질캡슐
494,201507585,마그스연질캡슐
495,202104468,마그업메가연질캡슐
496,201503600,마그엔지연질캡슐
497,201401904,마그엘디연질캡슐
498,201706490,마그엠정(알마게이트)
499,199901457,마그오캡슐250mg(산화마그네슘)
500,199901458,마그오캡슐500mg(산화마그네슘)
501,202002191,마그온맥스연질캡슐
502,201700293,마그온연질캡슐
503,201502915,마그웰연질캡슐
504,201402507,마그윈연질캡슐
505,201705249,마그칼연질캡슐
506,202000310,마그탑파워연질캡슐
507,201308173,마그토닉연질캡슐
508,201606492,마그토벤연질캡슐
509,201800228,마그톤이엑스연질캡슐
510,201604413,마그투연질캡슐
511,199801309,마그틴정
512,200003806,마그페롤연질캡슐
513,202004088,마그페롤플러스연질캡슐
514,201700144,마그포스감마연질캡슐
515,201802334,마그포스액티브연질캡슐
516,201803906,마그포스액티브플러스연질캡슐
517,200808755,마노엘정
518,202001036,마더스민캡슐(디오스민)
519,201405772,마더스비타정
520,201803431,마더스아스피린장용정100mg(아스피린)
521,201900742,마더스코연질캡슐
522,201900744,마더스코프연질캡슐
523,201900743,마더스콜드연질캡슐
524,198802327,마로겔정500밀리그람(수산화마그네슘)
525,200302007,마로엘정
526,201507963,마룬정(수출용)
527,201501578,마리부틴정150mg(트리메부틴말레산염)
528,200807312,마메이드정
529,201606430,마미센스정
530,197900219,마스질정(클레마스틴푸마르산염)
531,200903837,마이녹실에스캡슐
532,200502601,마이다정
533,200600233,마이렉스정
534,201701023,마이메가100정
535,201307379,마이믹스정
536,200800687,마이보라정
537,200301069,마이부틴정(트리메부틴말레산염)
538,201006807,마이어스콕골드정
539,200900833,마이칼디정
540,200904159,마이파워정
541,201902614,마인트롤정(세인트존스워트80%메탄올건조엑스)
542,201804504,마투탑플러스연질캡슐
543,201904215,마하펜연질캡슐(아세트아미노펜)
544,199001559,말레부틴정(트리메부틴말레산염)
545,199102270,말릭스정(트리메부틴말레산염)
546,201707545,맘스폴릭정1000마이크로그램(폴산)
547,200806961,맥덴타에프캡슐
548,202004542,맥세렌디정
549,201405232,맥스디1000연질캡슐
550,201605694,맥스디스정
551,201803085,맥스원플러스연질캡슐
552,201400284,맥스케어베타정
553,201006555,맥스케어알파정
554,201400143,맥스케어프리미엄정
555,201501557,맥스타민프리미엄정
556,200904308,맥스타제-에스정
557,200700917,맥스텐정
558,200201695,맥스펜정(덱시부프로펜)
559,201600573,맥시라민에이정
560,200710817,맥시부펜이알정300밀리그램(덱시부프로펜)
561,200904632,맥시쿨펜연질캡슐(덱시부프로펜)
562,201404850,맥쎈연질캡슐(나프록센)
563,200402063,맥코이정
564,200003493,맥타정
565,201604251,맥페롤에프연질캡슐
566,201708277,머슬펜정
567,200009522,머시론정
568,201906343,머피스펜정
569,202007078,멀티브큐골드정
570,200808195,멀티아민정
571,202005215,멀티큐텐에이치티정
572,201804518,멀티큐텐플러스정
573,201103161,메가600정
574,202001424,메가골드백정
575,201504791,메가골드비타정
576,201801177,메가골드플러스정
577,201503839,메가바이정
578,200807552,메가백정
579,201707030,메가비액티브정
580,201306969,메가비콤정
581,200302376,메가비타연질캡슐
582,201800123,메가비텐정
583,201606256,메가엠지연질캡슐
584,200103044,메가코정
585,201502970,메가콘벤800정
586,201109826,메가콘사민-에프연질캡슐
587,201105149,메가클린연질캡슐
588,200902450,메가토스씨정
589,201309612,메가트루골드정
590,201700510,메가트루액티브정
591,201206572,메가트루정
592,201802364,메가트루파워정
593,201506728,메가트루포커스정
594,200712481,메가파워정
595,200712375,메디다제정
596,198701383,메디락디에스장용캡슐(바실루스서브틸리스균|엔테로코쿠스페슘균배양물)
597,198601222,메디락에스장용캡슐(바실루스서브틸리스균|엔테로코쿠스페슘균배양물)
598,201801676,메디알정500mg(알마게이트)
599,201803183,메디콘600정
600,201907548,메로타제장용정(브로멜라인)
601,198801648,메리틴정(트리메부틴말레산염)
602,200704035,메모론에스연질캡슐
603,199806931,메부라틴정(트리메부틴말레산염)(수출명:MEBURATINTablet100mg)
604,200404205,메부라틴정150밀리그람(트리메부틴말레산염)(수출명:MEBURATINTablet150mg)
605,200403052,메부틴정(트리메부틴말레산염)(수출명:SupertrimTab.)
606,200101037,메빌정
607,201405042,메이킨큐장용정
608,199100996,메카인정
609,197800391,메코민캡슐(메코발라민)
610,201602682,메클린구강용해필름25밀리그램(메클리진염산염수화물)(오렌지향)
611,200701644,멘유포르테연질캡슐
612,199900834,멘자펜정
613,202101047,멘토비엠정
614,202003388,멜라인장용정(브로멜라인)
615,200808511,멜라클리어어드밴스정
616,200807207,멜리안정
617,200904880,멜린씨정
618,201310207,명문아스피린장용정100mg
619,201802617,모가프텐트로키(플루르비프로펜)
620,201701774,모게인정
621,201507900,모나에스캡슐
622,202103291,모닝톡에스장용연질캡슐
623,202008840,모닝톡장용연질캡슐
624,200200100,모두펜정
625,201203128,모드코에스연질캡슐
626,201204389,모드코프에스연질캡슐
627,201204330,모드콜에스연질캡슐
628,201704017,모바렌캡슐
629,201400349,모아노즈연질캡슐
630,200710246,모아뷰연질캡슐
631,201706380,모아비액티브정
632,201507495,모아졸정(알벤다졸)
633,199201049,모아칼연질캡슐
634,201606544,모아코에이연질캡슐
635,200200677,모아코정
636,201606585,모아코프에이연질캡슐
637,201902579,모아코프연질캡슐
638,200502952,모아콘600연질캡슐
639,201606546,모아콜드에이연질캡슐
640,201902527,모아콜연질캡슐
641,201606516,모아타민골드비백정
642,201506398,모아탄캡슐
643,201700539,모아헬드원정
644,200200471,모아훼린캡슐(폴리사카리드철착염)
645,201600677,모앤캡슐
646,201505482,모업캡슐
647,201104519,목기천연질캡슐
648,199902656,목틴캡슐200밀리그램(아세틸시스테인)
649,201604189,몰바렌에스캡슐
650,200700876,무로펜정(덱시부프로펜)
651,199602668,무스판정
652,200102543,무코신일정(메틸-N|S-디아세틸시스테인)
653,199401186,무테린캡슐200밀리그램(아세틸시스테인)
654,200702709,뮤레스캡슐(에르도스테인)
655,201405457,뮤스타캡슐200mg(아세틸시스테인)
656,201502577,뮤스테인캡슐200mg(아세틸시스테인)
657,199603333,뮤시딘캡슐200밀리그램(아세틸시스테인)
658,200308774,뮤코다인캡슐200mg(아세틸시스테인)
659,201506556,뮤코레스캡슐200밀리그램(아세틸시스테인)
660,201502964,뮤코로솔정(암브록솔염산염)
661,198000304,뮤코론캡슐375밀리그램(카르보시스테인)
662,200403090,뮤코메드캡슐(에르도스테인)
663,201708295,뮤코반캡슐200mg(아세틸시스테인)
664,199600087,뮤코세린캅셀(아세틸시스테인)
665,199001080,뮤코스텐캡슐100밀리그램(아세틸시스테인)
666,198901021,뮤코스텐캡슐200밀리그램(아세틸시스테인)
667,201602679,뮤코원캡슐(에르도스테인)
668,200401475,뮤코존정(메칠-N|S-디아세틸시스테인)
669,197400277,뮤코졸정(브롬헥신염산염)
670,201206250,뮤코테라트로키제(암브록솔염산염)
671,201206776,뮤코텍캡슐200밀리그램(아세틸시스테인)
672,201602738,뮤코티아캡슐200밀리그램(아세틸시스테인)
673,201404707,뮤코틸캡슐(아세틸시스테인)
674,200900740,뮤코펙트정(암브록솔염산염)
675,198801531,뮤테란캡슐100밀리그램(아세틸시스테인)
676,201500723,뮤테인캡슐(아세틸시스테인)
677,199302666,뮤텐캡슐200mg(아세틸시스테인)
678,201801561,뮤트린캡슐200밀리그램(아세틸시스테인)
679,201907830,미가펜에스연질캡슐(나프록센)
680,201908614,미가펜이브연질캡슐
681,202000773,미가펜후레쉬연질캡슐(이부프로펜)
682,201103627,미그펜400연질캡슐(이부프로펜)
683,201602637,미네코큐비타연질캡슐
684,201109733,미놀에프트로키(페퍼민트맛|오렌지맛|모과맛)
685,201109733,미놀에프트로키(페퍼민트맛|오렌지맛|모과맛)
686,199806820,미뉴렛정
687,200901620,미니메이드정
688,200800688,미니보라30
689,200102671,미다펜정
690,199902599,미래나프록센나트륨정
691,200607006,미래트리메부틴정(트리메부틴말레산염)
692,201102069,미로틱필름코팅정
693,199800785,미리놀캡슐(아세틸시스테인)
694,201101576,미리코프연질캡슐
695,201102618,미리콜연질캡슐
696,201908351,미소쿨정
697,201503569,미앤디플러스정
698,201804147,미카펜정
699,200202573,미투-에스연질캡슐
700,199600328,바로닉신정125밀리그램(클로닉신리시네이트)
701,198100078,바로론정(클로닉신리시네이트)
702,201206383,바로소펜연질캡슐(덱시부프로펜)
703,201605326,바로코민골드정
704,199000005,바로코민정
705,200502148,바로콜-에프캡슐
706,202103971,바로큐이브연질캡슐
707,199500850,바르젠정(클로닉신리시네이트)(수출명:CLOCXINETab.Stocxine(Clonysinlysinate125)|STOLXINE)
708,201310592,바소피린장용정(아스피린)
709,199301093,바스칼캡슐
710,201908104,바스힐캡슐
711,201102740,바실로비정
712,201802085,바실리스캡슐(바실루스리케니포르미스균)
713,201500736,바실리켄캡슐(바실루스리케니포르미스균)
714,201602561,바실리포미스캡슐(바실루스리케니포르미스균)
715,200101249,바이메드캡슐(사카로마이세스보울라르디균)
716,199501748,바이메틴정(트리메부틴말레산염)
717,202101735,바이브렉스연질캡슐
718,200805092,바이스탑캡슐
719,200008591,바이엘아스피린정500밀리그람
720,200711893,바이오콘연질캡슐
721,201800568,바이오탑디캡슐
722,201803000,바이오탑하이캡슐
723,200300069,바이오파워캡슐
724,201708637,바이코민정
725,200811058,바이코비정
726,202005974,바이타맥스골드정
727,201403359,바이타비정
728,201606607,바이타비플러스정
729,201606463,바이타액트이엑스정
730,201207692,바이타액트정
731,201800638,바이타액트프리미엄정
732,199600581,바이탈씨에프정(수출명:라스코르빈포르트|아스코르빈플러스)
733,201802592,바이펜연질캡슐300mg(덱시부프로펜)
734,201801429,바토루스캡슐(바실루스리케니포르미스균)
735,202000563,발란시드정(탄산수소나트륨)
736,200300808,발렌시아연질캡슐
737,200702038,배탈렌캡슐
738,201901322,백일후애캡슐
739,201306063,밸런비타연질캡슐
740,202004020,밸리씬정(방풍통성산건조엑스(4.6→1))
741,198800042,버미플루정(플루벤다졸)
742,200811701,버퍼린레이디정
743,198400182,베노론캡슐(디오스민)
744,201602801,베라비타정
745,201500644,베로나에스정
746,200904579,베로타정
747,201802818,베로판정
748,200002328,베루본에스정
749,198200504,베부틴정(트리메부틴말레산염)(수출명:영일트리메부틴정|TRISPASMTab)
750,199600246,베스자임정
751,196600012,베스타제당의정
752,196600011,베스타제정
753,198800190,베스타제포르테정
754,201502206,베스티아제정
755,201501809,베아라제정
756,200103537,베아로제정
757,200809924,베아비오캡슐(바실루스리케니포르미스균)
758,201607401,베아타제정
759,200903775,베아틴정
760,199501767,벡크정
761,200403777,벤다졸정(알벤다졸)
762,201803704,벤비노정
763,198700476,벤즈날정(트리메부틴말레산염)
764,198700789,벤투룩스30mg캡슐(엔테로코쿠스페슘스트레인세르넬레68균)
765,202001134,벤티브정
766,201206118,벤포라민정
767,200101315,벤포렉스캡슐
768,201800639,벤포마그빅액티브연질캡슐
769,202001130,벤포마그업연질캡슐
770,201700700,벤포맥스100정
771,201206828,벤포메가정
772,201800640,벤포바이타액티브정
773,201705676,벤포벨브이정
774,201508281,벤포벨정
775,201905072,벤포벨지정
776,201908684,벤포비민100연질캡슐
777,201802330,벤포비백정
778,201606736,벤포비타100정
779,201906214,벤포빅정
780,202001821,벤포에이연질캡슐
781,202007638,벤포칸정
782,202006674,벤포콤정
783,202001065,벤포하이연질캡슐
784,201708605,벨노즈캡슐
785,200501497,벨라제정(브로멜라인)
786,200501511,벨라제정45mg(브로멜라인)
787,197000076,보나링에이정(디멘히드리네이트)
788,201600779,보나링츄어블정
789,201706237,보니타정
790,201601616,보령마그락비타연질캡슐
791,200906484,보령바이오아스트릭스캡슐100밀리그램(아스피린장용과립)
792,201908303,보령바이오아스피린장용정100밀리그램
793,199001012,보령아스트릭스캡슐100밀리그람(아스피린)
794,201601341,보령아이락비타연질캡슐
795,200607863,보령알벤다졸정
796,201504225,복합란타딘정
797,200000431,복합쓸기담연질캡슐
798,199002022,복합엘씨500연질캡슐(수출명:MEGA-NAMIC)(수출용)
799,200000801,복합우루사연질캡슐
800,200905144,복합유디리버연질캡슐
801,200001305,복합탈시드츄어블정
802,199601520,복합파자임이중정
803,201704844,본디칼맥스정
804,201704843,본디칼정
805,201704845,본디칼플러스정
806,201310644,본본연질캡슐
807,202002068,본스칼엠정
808,201110424,본스칼츄어블정
809,201000163,본에존연질캡슐
810,201104871,본에킹연질캡슐
811,201007524,본엔디연질캡슐
812,201802746,본탑600골드정
813,201604725,본투본연질캡슐
814,200100102,볼그레캡슐(철-아세틸트랜스페린)
815,200810584,볼두민캡슐
816,200502663,부로멜라장용정(브로멜라인)
817,201701269,부로멜장용정(브로멜라인)
818,197700120,부루펜정200밀리그램(이부프로펜)
819,198300343,부루펜정400밀리그램(이부프로펜)
820,200901181,부스코판당의정(부틸스코폴라민브롬화물)
821,200901257,부스코판플러스정
822,200700843,뷰원연질캡슐
823,201504861,브레노즈연질캡슐
824,201801725,브레인플러스정(수출용)
825,201105016,브레핀에스연질캡슐(이부프로펜)
826,201307452,브렌콜에프연질캡슐
827,201904502,브로나제장용정(브로멜라인)
828,200502474,브로다제장용정(브로멜라인)
829,201903259,브로립신정
830,201907927,브로멜자임장용정(브로멜라인)
831,202006143,브로멜장용정45밀리그램(브로멜라인)
832,201907157,브로아제장용정(브로멜라인)
833,202005052,브로젠장용정45mg(브로멜라인)
834,201405014,브록솔정(암브록솔염산염)
835,201508010,브론펙트캡슐(에르도스테인)
836,202003978,브롤라인장용정(브로멜라인)
837,201110001,브롬콜골드연질캡슐
838,201110467,브롬콜레드연질캡슐
839,202000791,브멜라인장용정(브로멜라인)
840,201310091,브이디500아이유정(콜레칼시페롤과립)
841,202000112,브이멜라인장용정(브로멜라인)
842,201306954,브이코연질캡슐
843,201503554,브이콜에프연질캡슐
844,201907913,브이타민큐정
845,200605374,브이텐연질캡슐
846,201500001,블루콜엠연질캡슐
847,201802086,비나폴로100정
848,200100244,비나폴로엑스트라연질캡슐
849,201309882,비나폴로프리미엄정
850,201700641,비나플러스연질캡슐
851,200404048,비도스캡슐(에르도스테인)
852,201901492,비라밸정
853,201401934,비맥스골드정
854,202101945,비맥스메타비정
855,201901373,비맥스메타정
856,201801908,비맥스비비정
857,201605486,비맥스액티브정
858,202006721,비맥스에버정
859,201804837,비맥스엠지액티브연질캡슐
860,201108893,비바원정
861,201904605,비백큐골드정
862,201605497,비백파워정
863,201601858,비보존에르도스테인캡슐
864,201401768,비비코에스연질캡슐
865,201707895,비사콜장용정
866,201502323,비사큐정
867,201404670,비센큐정
868,200907725,비스칸엔캡슐(바실루스리케니포르미스균)
869,201804495,비스타정
870,201400729,비스타치정(글루타티온(환원형))
871,201502550,비스타치플러스정(글루타티온(환원형))
872,200901321,비시드에프정
873,201507620,비알뮤코캡슐(아세틸시스테인)
874,201500122,비알에스락캡슐(바실루스리케니포르미스균)
875,202103743,비앤비정
876,201507206,비엔티정
877,202005249,비엘비정
878,201401003,비엠쿨에프캡슐
879,201800201,비오딜정5밀리그램(비오틴)
880,199301198,비오라민정
881,200100906,비오락토캡슐(락토바실루스아시도필루스균)
882,201505123,비오루스캡슐(바실루스리케니포르미스균)
883,201602544,비오메틱스캡슐(바실루스리케니포르미스균)
884,200403808,비오알정(엔테로코쿠스페칼리스BIO-4R균)
885,201505153,비오켄캡슐(바실루스리케니포르미스균)
886,200809660,비오티스큐정
887,201607058,비오틴골드정5밀리그램
888,200903482,비오펜연질캡슐(덱시부프로펜)
889,201306134,비오플250캡슐(사카로마이세스보울라르디균)
890,200301138,비올씨정
891,202101222,비우다장용연질캡슐
892,201602688,비우미정
893,201502994,비카린엠장용정
894,201802764,비카페롤정
895,201802763,비카페롤플러스정
896,200403398,비컴쿨캡슐
897,201200854,비코그린에스정
898,202000224,비코딜정
899,201206771,비코실린정
900,201804576,비코엑스장용정
901,201504928,비타디아에프연질캡슐
902,201306135,비타라민정
903,201200204,비타맥스정
904,198500049,비타메진캡슐50밀리그램
905,201110744,비타미니아정
906,200802213,비타비백정
907,200502688,비타비스정
908,201706824,비타빅연질캡슐
909,200300420,비타써클연질캡슐
910,200608208,비타씬-플러스정
911,201401570,비타씬포르테엠정
912,201101491,비타알부골드정
913,200811079,비타액티브연질캡슐
914,201801516,비타월드정
915,200905314,비타제트플러스정
916,201605578,비타케어에프정
917,200807756,비타코플러스연질캡슐
918,201500694,비타콘틴600정
919,201701347,비타콤보정
920,200400872,비타콤비500정
921,201001573,비타큐텐에프정
922,201210185,비타포린정
923,201504815,비타허브정
924,201906800,비타헬스에이연질캡슐
925,200608335,비타헬스연질캡슐
926,201902472,비테인캡슐
927,201001784,비트리모정
928,201401592,비트리플정
929,201208753,빅시딘정75밀리그램(니자티딘)
930,201801160,빅조인에프정
931,201404702,빅콘에스600정
932,201303988,빅톤에프연질캡슐
933,201800016,빅파워비타연질캡슐
934,200104079,뿌레콜에프캡슐
935,200003019,삐삐콜플러스정
936,201700480,삐콤씨액티브정
937,200400500,삐콤씨에이스정(수출명:유한삐콤씨에이스정)
938,199700756,삐콤씨에프정(수출명:유한삐콤씨에프정)
939,201201051,삐콤씨이브정
940,201206997,삐콤씨정
941,201902857,삐콤씨파워정
942,196200034,삐콤정
943,201404234,사리돈에스정
944,200610627,사리돈에이정
945,200706341,산크만정
946,200607969,산타몬플러스캡슐
947,200001712,삼남로페라마이드캡슐(로페라미드염산염)
948,199401030,삼남아세트아미노펜정
949,199601312,삼남아세트아미노펜정500밀리그람
950,200402069,삼메틴정(트리메부틴말레산염)
951,201907617,삼성브로멜라인장용정
952,202001489,삼성아스피린장용정100밀리그램
953,199502585,삼익아세트아미노펜정500밀리그람
954,201211564,삼익아스피린장용정
955,199502575,삼익이부프로펜정
956,201402678,삼진아스피린장용정
957,198700641,삼천당산화마그네슘정250밀리그람
958,201507778,생생장캡슐(바실루스리케니포르미스균)
959,200200414,생장환에스정
960,200001102,샤이닝정
961,199000939,샤젠캡슐(니푸록사지드)
962,201900178,서울아스피린장용정
963,201900692,서울알마게이트정
964,201102749,서클베인장용정75밀리그램(아스피린)
965,197600539,세가톤트로키(염화세칠피리디늄)
966,198401161,세나서트2밀리그람질정
967,199800468,세노바정(세티리진염산염)
968,201906400,세노바퀵연질캡슐(세티리진염산염)
969,201507403,세노비아에프정
970,201700502,세다큐노즈연질캡슐
971,201700500,세다큐코프연질캡슐
972,201700501,세다큐콜드연질캡슐
973,199801495,세라진정(세티리진염산염)[수출명:Ceratablet|Allergentablet|Unizeftablet|Highceratablet]
974,199901516,세란드정(알마게이트)
975,199102384,세록센정(나프록센나트륨)
976,200002787,세르비아캡슐(엔테로코쿠스페슘스트레인세르넬레68균)
977,200101870,세리노즈정(세티리진염산염)
978,199401316,세리콘정(아세트아미노펜)
979,199702829,세리텍정(세티리진염산염)
980,200400641,세리펙에스정
981,200002386,세미론정
982,199903649,세브론캡슐(아세틸시스테인)
983,200600722,세이브론캡슐(수출명:SEIBRONCapsule)
984,201802416,세지날정(세티리진염산염)
985,200001634,세진정(세티리진염산염)
986,201906975,세타펜8시간이알서방정650밀리그램(아세트아미노펜)
987,200200662,세토펜8시간이알서방정(아세트아미노펜)
988,199300891,세토펜정(아세트아미노펜)
989,199600770,세토펜정325밀리그램(아세트아미노펜)
990,199300892,세토펜정80밀리그램(아세트아미노펜)
991,199700120,세트린정(세티리진염산염)(수출명:ANTIRIZINtab)
992,201507229,세티레인캡슐200mg(아세틸시스테인)
993,200900207,세티스정(세티리진염산염)
994,200001713,세티진정(세티리진염산염)
995,199602745,세틸란캡슐200mg(아세틸시스테인)
996,201708640,세파셀렌정100마이크로그램(아셀렌산나트륨오수화물)
997,201804692,세파콜에프캡슐
998,200502455,센도스연질캡슐
999,201706350,센스데이정
1000,201206706,센스리베정
1001,202001565,센스민정(디오스민)
1002,202004035,센스온액티브연질캡슐
1003,201601045,센스온연질캡슐
1004,200501401,센시덴탈캡슐
1005,201508370,센코딜에스정
1006,202000645,센코딜에프정
1007,200503400,센코프캡슐
1008,201506815,센티렉스실버어드밴스정
1009,201506816,센티렉스어드밴스정
1010,199701269,센티펙정(세티리진염산염)
1011,200811530,센파워민정
1012,202001895,센펜연질캡슐(나프록센)
1013,198800788,셀라인연질캡슐500밀리그램(엘시스틴)
1014,199500536,셀라펜정
1015,202002635,셀레넘정
1016,201906455,셀레뉴연질캡슐
1017,200908953,셀레트론플러스연질캡슐
1018,201603239,셀룬정
1019,199701385,셀마겐정(알마게이트)
1020,201202902,셀비콤연질캡슐
1021,200607903,셀지민정
1022,201904192,셀큐라민정(은행엽건조엑스)
1023,200100431,셀트리온트리메부틴말레산염정
1024,200810661,셀파원포르테연질캡슐
1025,202004872,소겐큐정
1026,201403363,소니펜정300mg(덱시부프로펜)
1027,199600913,소담캡슐200mg(아세틸시스테인)
1028,199100998,소롤캡슐(소브레롤)
1029,199302401,소롤캡슐200밀리그램(소브레롤)
1030,202000797,소부날에이정
1031,198800911,소부날캡슐200mg(소브레롤)
1032,201903734,소와엔정
1033,200301805,소하자임플러스정
1034,201402057,속사존정(클로르족사존)
1035,199800471,속시나제삼중정
1036,199302106,속엔쿨정
1037,200401321,속코정
1038,201403225,속콜기가연질캡슐
1039,201103677,속콜코프엘연질캡슐
1040,200806776,속콜큐어캡슐
1041,202103770,속콜펜정
1042,201103683,속콜플러스연질캡슐
1043,201706955,속크린에스정
1044,201206484,속편아제정
1045,201900727,솔루록센연질캡슐(나프록센)
1046,201705256,솔루샷노즈연질캡슐
1047,201705257,솔루샷코프연질캡슐
1048,201705258,솔루샷쿨연질캡슐
1049,201903831,솔루아펜연질캡슐(아세트아미노펜)
1050,200512203,솔루펜연질캡슐(덱시부프로펜)
1051,201904167,수프리정
1052,201400348,쉐러콜에스연질캡슐
1053,201605000,슈가린정
1054,201206327,슈가펜에스정
1055,201701296,슈락스골드장용정
1056,201601700,슈리머정
1057,201805241,슈메디펜8시간이알서방정650밀리그램(아세트아미노펜)
1058,200500605,슈카민정
1059,201908406,슈페젠정
1060,200308825,스노콜정
1061,200102657,스노핀정275밀리그램(나프록센나트륨)
1062,201803063,스로쿨트로키(멘톨앤페퍼민트향|페퍼민트향|레몬향)(플루르비프로펜)
1063,201800131,스르텍연질캡슐10mg(세티리진염산염)
1064,200402939,스리엘정
1065,198802479,스메르정(독시라민숙신산염)
1066,201904713,스카이비백정
1067,200102653,스카이정
1068,201104359,스카풀라정
1069,198400131,스코펜정400밀리그램(이부프로펜)
1070,201501325,스탑폴캡슐
1071,199702566,스테신캡슐(아세틸시스테인)
1072,201705576,스토마제정
1073,200807223,스토프정
1074,200906877,스트렙실허니앤레몬트로키(플루르비프로펜)|스트렙실오렌지트로키(플루르비프로펜)
1075,200204348,스파로민정
1076,199101135,스파맥정
1077,201505055,스파메드정
1078,198100428,스파부틴정100밀리그램(트리메부틴말레산염)
1079,199201048,스파탐캡슐200밀리그램(아세틸시스테인)
1080,197900411,스파토민캡슐(디시클로민염산염)
1081,201907215,스피드싹연질캡슐(아세트아미노펜)
1082,200301809,스피드펜연질캡슐200밀리그램(이부프로펜)
1083,201103628,스피딕400연질캡슐(이부프로펜)
1084,201310281,스피록센연질캡슐(나프록센)
1085,199200354,스피자임정
1086,201104267,스피콜드연질캡슐
1087,201800701,슬라드린정
1088,202000257,슬램비타정
1089,201206916,슬렌페드씨정
1090,201801678,슬리마정(수출용)
1091,201507777,슬리칸정(엘카르니틴)
1092,200807310,슬리펠정25밀리그램(디펜히드라민염산염)
1093,201308550,슬림비플러스정
1094,202001535,슬림제이정
1095,200103013,시노카엔캡슐
1096,200604321,시노코프캡슐
1097,201908562,시노타딘연질캡슐(로라타딘)
1098,200103964,시노피드플러스정
1099,202000062,시로제노연질캡슐(세티리진염산염)
1100,201904794,시리콤푸연질캡슐175밀리그램(밀크시슬열매건조엑스)
1101,199000139,시스타인캡슐(아세틸시스테인)
1102,199903754,시스틴500연질캡슐(L-시스틴)
1103,200502126,시알딘정
1104,200503163,시트라칼에프정
1105,201307922,신신아렉스정
1106,202004279,신신유디씨에이연질캡슐
1107,201402369,신일겔정
1108,201110262,신일니코틴산아미드정
1109,197400343,신일브롬헥신염산염정(수출명:BIVOTUME|BIVO)
1110,197600483,신일비사코딜정
1111,199702520,신일세티리진정(세티리진염산염)
1112,198901916,신일소브레롤캡슐200밀리그램
1113,199802384,신일엠정(수산화마그네슘)
1114,198901915,신일이부프로펜정400밀리그람(수출명:IFENTab.)
1115,199501954,신일클로닉신리시네이트정
1116,198601210,신일트리메부틴말레산염정
1117,198901918,신일트리메부틴말레산염정200밀리그램(수출명:PERASTINE200mg)
1118,199501953,신일티아민염산염정10밀리그램
1119,202000647,신일파모티딘정10밀리그램
1120,199501944,신일폴산정
1121,199702527,신일피리독신정(피리독신염산염)
1122,201802791,신코에프연질캡슐
1123,201803067,신코프에프연질캡슐
1124,201803065,신콜에프연질캡슐
1125,201103151,신한방화콜캡슐
1126,201600778,실비도정
1127,201501594,싸이라민정
1128,198901887,싸이베린정
1129,201404221,싸이타민정
1130,201406121,싸이타민플러스정
1131,201406034,싹펜정
1132,201309055,쌩코연질캡슐
1133,201309056,쌩코프연질캡슐
1134,201309057,쌩콜연질캡슐
1135,201908147,써모젠정
1136,201206328,써모펜에스정
1137,200301818,써스펜8시간이알서방정650밀리그램(아세트아미노펜)
1138,200711676,써클업연질캡슐
1139,201700722,썬팩타민연질캡슐
1140,201102482,쎄라투연질캡슐
1141,200201784,쎄락틸정300밀리그람(덱시부프로펜디.씨.)
1142,199001505,쎄레톱씨연질캡슐
1143,199802620,쎄로테정(세티리진염산염)
1144,199802497,쎄르텍정(세티리진염산염)
1145,201803160,쎄스콘미니정
1146,199802435,쎄쎄250츄정
1147,201707039,쎄이네슘골드연질캡슐
1148,200905283,쎄이네슘연질캡슐
1149,199900536,쎄이칼정(수출명:칼슘포르트씨디(CalciumFortCD))
1150,199901404,쎄토마연질캡슐
1151,199900528,쎄투연질캡슐
1152,202005041,쎈파워비타연질캡슐
1153,200500575,쎌업연질캡슐
1154,201607230,쏙코에스연질캡슐
1155,201700139,쏙코프에스연질캡슐
1156,201700138,쏙콜에스연질캡슐
1157,199806891,쓸기담50밀리그람연질캅셀
1158,200905490,씨락정
1159,199806985,씨메탈시정
1160,199903179,씨씨본정(침강탄산칼슘)
1161,199603130,씨씨콤연질캡슐(수출명:BiosliverSoftCap.)(수출용)
1162,200907818,씨엔큐플러스연질캡슐
1163,201708490,씨엘팜아스피린장용정100mg(아스피린)
1164,201401484,씨엠지아스피린장용정100mg
1165,201402028,씨엠지알마게이트정500mg(알마게이트)
1166,199000708,씨이멕스연질캡슐
1167,199703153,씨즈날정(세티리진염산염)
1168,200500553,씨콜드노즈정
1169,200500552,씨콜드정
1170,200500554,씨콜드코프정
1171,200806192,씨콜드플러스노즈정
1172,200806191,씨콜드플러스정
1173,200806190,씨콜드플러스코프정
1174,200002121,씨트리드정(수출명:잔트리드정)
1175,200905758,씨트메틴정(트리메부틴말레산염)
1176,199801877,아나리바정
1177,200400644,아나탁심정(나프록센나트륨)
1178,201601581,아나파베정
1179,198300064,아나프록스정(나프록센나트륨)
1180,201406015,아나프제연질캡슐(나프록센)
1181,201207417,아나피린장용정100밀리그램(아스피린)
1182,200502450,아낙센정
1183,198700731,아낙스정(나프록센나트륨)
1184,201800671,아날라프연질캡슐(나프록센)
1185,201707372,아너린정
1186,201907340,아너웰정
1187,202001409,아네린정
1188,195900043,아네모정
1189,202007844,아노덱스골드정
1190,201800344,아노덱스정
1191,201700254,아니스펜8시간이알서방정(아세트아미노펜)
1192,201404717,아드레큐에이정
1193,201307087,아드린정
1194,200712401,아락실큐정
1195,197000037,아로나민골드정
1196,202102039,아로나민골드프리미엄정
1197,201500313,아로나민실버프리미엄정
1198,201500972,아로나민씨플러스미니정
1199,200400325,아로나민씨플러스정
1200,200500433,아로나민아이정
1201,201800353,아로나민이맥스플러스정
1202,200902026,아로나민이엑스정
1203,201904305,아로나민케어디엠정
1204,201902001,아로나민케어리피정
1205,201904226,아로나민케어에이치티정
1206,201902077,아로나민케어콤플렉스정
1207,200903224,아로마에프캡슐
1208,200801021,아로민필름코팅정
1209,199302027,아록솔정(암브록솔염산염)
1210,198900711,아론정(독시라민숙신산염)
1211,200301846,아루진정
1212,199701398,아루텍정(세티리진염산염)
1213,199901375,아루펜정400밀리그람(이부프로펜)
1214,201802601,아르쿨연질캡슐(세티리진염산염)
1215,201310212,아르테빈캡슐(아스피린장용펠렛)
1216,200904666,아르텍연질캡슐10mg(세티리진염산염)
1217,200201239,아르펜정
1218,201906127,아마가정(알마게이트)
1219,201700854,아말피정
1220,200804447,아미노포르테정
1221,200607867,아미노피정
1222,199702918,아미세타정325밀리그람(아세트아미노펜제피세립)
1223,201603599,아미펜정
1224,200904325,아미포틴정
1225,201800317,아미푸렉스골드정
1226,200905004,아민파워정
1227,201603416,아사톱장용정100밀리그램(아스피린)
1228,201405003,아사프장용정100mg(아스피린)
1229,201602240,아세드린정
1230,199300928,아세락캅셀200밀리그람(아세틸시스테인)
1231,201405501,아세란캡슐200밀리그램(아세틸시스테인)
1232,199301549,아세르정(암브록솔염산염)
1233,201307515,아세린정
1234,199602374,아세테인캡슐200밀리그램(아세틸시스테인)
1235,201504206,아세텔린캡슐(아세틸시스테인)
1236,201905099,아세트엠8시간이알서방정650밀리그램(아세트아미노펜)
1237,201705483,아세틴캡슐(아세틸시스테인)
1238,201901857,아세틸란캡슐(아세틸시스테인)
1239,201306207,아세틸캡슐(아세틸시스테인)
1240,200102577,아세핀정(아세트아미노펜제피세립)
1241,201804476,아슈펜정
1242,200201781,아스노캅셀
1243,200600421,아스콘에이캡슐
1244,199601337,아스타펜정160밀리그람(아세트아미노펜제피세립)
1245,199601338,아스타펜정325밀리그람(아세트아미노펜제피세립)
1246,200904855,아스테란캡슐(아세틸시스테인)
1247,201208281,아스테린정(아스피린)
1248,201600396,아스텍션장용정100밀리그램(아스피린)
1249,201300051,아스텍트정(아스피린)
1250,201706882,아스팜장용정(아스피린)
1251,201308448,아스피드정(아스피린)
1252,200108429,아스피린프로텍트정100밀리그람
1253,201306277,아스피바장용정(아스피린)
1254,201306112,아스필장용정(아스피린100밀리그람)
1255,200005087,아시돌연질캡슐1마이크로그램(알파칼시돌)
1256,200004875,아시토바캡슐300mg(락토바실루스아시도필루스균)
1257,199601956,아시틴캡슐(아세틸시스테인)
1258,200004608,아우스에프캡슐(수출용)
1259,201104314,아웃콜목골드캡슐
1260,200000744,아웃콜에프캡슐
1261,201104019,아웃콜코정
1262,201604678,아이골드정
1263,201602870,아이란정75밀리그램(라니티딘염산염)
1264,200901147,아이비에프정(이부프로펜)
1265,200710167,아이비즈연질캡슐
1266,201804689,아이치온정(글루타티온(환원형))
1267,199400823,아이코민연질캡슐
1268,201402125,아이키비타플러스츄어블정
1269,200710369,아이팜골드연질캡슐
1270,200709806,아이플러스연질캡슐
1271,200707533,아이피아연질캡슐
1272,198902058,아제인캡슐(아세틸시스테인)
1273,198601284,아졸정(독시라민석시네이트)
1274,201905326,아진탈플러스정
1275,200401307,아진팜정
1276,201900824,아카에정
1277,201302260,아카펜에스정
1278,202002553,아카펜정
1279,199801389,아코라마캡슐200밀리그램(아세틸시스테인)
1280,200800614,아클린정
1281,201403697,아테인캡슐(아세틸시스테인)
1282,200908862,아토믹스큐플러스연질캡슐
1283,199703126,아티란캡슐200밀리그램(아세틸시스테인)
1284,202102133,아티제정
1285,201404331,아파베린정
1286,201401475,아페린씨정
1287,200403167,아페린정
1288,202103680,아페인큐정
1289,202000421,아프소겐정(파모티딘)
1290,200804589,아프타치정(트리암시놀론아세토니드)
1291,199900554,안타신정
1292,201908354,안토원캡슐(포도엽건조엑스)
1293,200700012,안티노을연질캡슐
1294,200102652,안티노정
1295,200502066,안티라제정(수출명:Strikase)
1296,200002422,안티비오캡슐300mg(락토바실루스아시도필루스균)
1297,202103216,안티스토연질캡슐
1298,199600597,알게나정(알마게이트)
1299,201206499,알게론정500밀리그램(알마게이트)
1300,199602733,알게마정(알마게이트)
1301,199500630,알게이트정(알마게이트)
1302,201805203,알게텍정(알마게이트)
1303,200200858,알나졸정400밀리그램(알벤다졸)
1304,200410902,알도스캡슐(에르도스테인)
1305,200300269,알도스텐캡슐300밀리그램(에르도스테인)
1306,201605325,알두스캡슐(에르도스테인)
1307,200905228,알드라민정(세티리진염산염)
1308,199201106,알드린정(알마게이트)
1309,200102777,알디스탑캅셀
1310,200806365,알러딘정(펙소페나딘염산염)
1311,201602714,알러비정(세티리진염산염)
1312,200906254,알러샷연질캡슐(세티리진염산염)
1313,201603775,알러엔연질캡슐(세티리진염산염)
1314,201901388,알러캡연질캡슐(세티리진염산염)
1315,199701908,알러텍정(세티리진염산염)
1316,199801016,알레그라정120밀리그람(펙소페나딘염산염)
1317,200001515,알레드정(세티리진염산염)
1318,201903366,알레르텍연질캡슐(세티리진염산염)
1319,199700265,알레리진정(세티리진염산염)
1320,200402585,알레스탑-에스정
1321,201502338,알레오프엘정(로라타딘)
1322,199800504,알레틴정(로라타딘)(수출명:비알레틴)
1323,201602144,알로스탑연질캡슐(로라타딘)
1324,200501095,알로탈정
1325,199804309,알로판400mg정(이부프로펜)
1326,200500102,알루실산정
1327,201900949,알룬슬림정
1328,200901619,알룬정
1329,201402826,알리겔정(알마게이트)
1330,198900712,알리코이부프로펜정400mg
1331,199703379,알마겐트정(알마게이트)
1332,201403739,알마노겐정(알마게이트)
1333,201309706,알마돈정
1334,201309996,알마드정(알마게이트)
1335,201707304,알마디정(알마게이트)
1336,201203095,알마딘정
1337,201402790,알마로정(알마게이트)
1338,201208256,알마르정(알마게이트)
1339,201402825,알마린정(알마게이트)
1340,201802877,알마스정(알마게이트)
1341,201804964,알마스콘정(알마게이트)
1342,199501564,알마시드정(알마게이트)
1343,201310042,알마정(알마게이트)
1344,201403721,알마제트정(알마게이트)
1345,201901045,알마케이드정(알마게이트)
1346,200103915,알마타정
1347,201901656,알마테정(알마게이트)
1348,201902342,알마트로정(알마게이트)
1349,201908600,알마트론정(알마게이트)
1350,201706141,알마트리정500밀리그램(알마게이트)
1351,200204177,알마트린정
1352,201400701,알마티정(알마게이트)
1353,201706849,알마펜정(알마게이트)
1354,201404116,알마휴정(알마게이트)
1355,199701099,알메텍정(세티리진염산염)
1356,201907790,알미탄겔정
1357,200402762,알미틴정
1358,201507696,알바스테인캡슐(에르도스테인)
1359,200801080,알바콤정(알벤다졸)
1360,201706415,알바트정(알마게이트)
1361,201606681,알벤다정(알벤다졸)
1362,200904615,알벤졸정(알벤다졸)
1363,200904073,알벤프리졸정(알벤다졸)
1364,201402733,알보젠알마게이트정
1365,201101451,알부골드연질캡슐
1366,200201549,알부라민연질캡슐
1367,200403844,알부타민연질캡슐
1368,200811798,알부테크연질캡슐
1369,200300623,알비정400mg(알벤다졸)
1370,201404747,알비코정
1371,198802481,알삭센정(나프록센나트륨)
1372,200905403,알세진정10밀리그램(세티리진염산염)
1373,200807058,알싹정(알벤다졸)
1374,201901675,알앤샷연질캡슐(세티리진염산염)
1375,201802796,알제스정(알마게이트)
1376,202004247,알젠다졸정(알벤다졸)
1377,200905943,알졸타정400mg(알벤다졸)
1378,199801849,알지렉스정(세티리진염산염)
1379,200905653,알지엔스피드연질캡슐10밀리그램(세티리진염산염)
1380,199800303,알지텍정(세티리진염산염)
1381,201309684,알카메이트정
1382,202002550,알카본정
1383,201400930,알카파워정
1384,200401799,알카펜네이잘연질캡슐(수출명:Alkafen-NSoftCaps.|AlkafenCoughSoftCaps.)
1385,202005452,알캔다졸정(알벤다졸)
1386,201706818,알코타민정
1387,201802728,알코펜연질캡슐(이부프로펜)
1388,199400891,알콤정(플루벤다졸)
1389,201501814,알킬정(알벤다졸)
1390,201402059,알티디75정(라니티딘염산염)
1391,199701900,알티린정(세티리진염산염)(수출명:Vilex|Cetirin)
1392,199000383,알파본연질캡슐(알파칼시돌)(수출명:아파본연질캡슐)
1393,199600953,알파시돌연질캡슐0.5마이크로그램(알파칼시돌)
1394,199302514,알파아세트아미노펜정500밀리그람
1395,200901231,알파우루사연질캡슐
1396,200301477,알파칼연질캡슐(알파칼시돌)
1397,201600993,알파콜에프캡슐
1398,200709256,알파클로닉신리신정
1399,200101539,알편제정
1400,202001927,알피나정(알벤다졸)
1401,200003464,알피렌연질캡슐
1402,201404364,알피린장용정(아스피린)
1403,198800558,암브렉트정(암브록솔염산염)
1404,201802993,암브로엠정(암브록솔염산염)
1405,201304742,암브론정30mg(암브록솔염산염)
1406,200904932,암씨롱큐정
1407,198800057,암펙솔정(암브록솔염산염)
1408,197500088,암포젤정(건조수산화알루미늄겔)
1409,199701224,애니탈삼중정
1410,200100915,애니펜정150밀리그람(덱시부프로펜)
1411,200001368,애니펜정300밀리그램(덱시부프로펜)
1412,201004587,애드민정
1413,201205251,애드민포르테정(콜레칼시페롤과립)
1414,201900112,애드민플러스정
1415,200610785,애드빌리퀴겔연질캡슐(이부프로펜)
1416,200109769,애드빌정(이부프로펜)
1417,201904268,애드원정
1418,198900129,애드칼정
1419,202000108,애린쏙정(트리메부틴말레산염)
1420,200201831,애스펜정(덱시부프로펜)
1421,202002646,애시컨정(파모티딘)
1422,201700259,애피단정
1423,200202373,액사티딘정75밀리그램(니자티딘)
1424,200002985,액소도스정
1425,201607031,액티나민플러스정
1426,201607127,액티넘이엑스골드정
1427,201310917,액티넘이엑스플러스정
1428,200904990,액티리버골드연질캡슐
1429,201908441,액티바이정
1430,201908339,액티브비타맥스큐정
1431,200808194,액티브큐텐연질캡슐
1432,202005449,액티비씨정
1433,201801355,액티진정
1434,200806637,액티콤연질캡슐
1435,201105106,액티큐정
1436,197700322,액티페린정
1437,200811061,액티프롤정
1438,197000053,액티피드정
1439,201602701,앤도민300프리미엄연질캡슐
1440,201404844,앤디락생캡슐(바실루스리케니포르미스균)
1441,199400581,어린이용타스펜정160밀리그램(아세트아미노펜)
1442,200400009,에도날캡슐(에르도스테인)
1443,200402284,에도스캡슐(에르도스테인)
1444,200301618,에도스텐캡슐(에르도스테인)
1445,200400233,에도인캡슐(에르도스테인)
1446,201701138,에뜨비정
1447,201802652,에르덱스캡슐(에르도스테인)
1448,201701882,에르도민캡슐(에르도스테인)
1449,200403246,에르도스캡슐(에르도스테인)
1450,201801843,에르도캡슐300밀리그램(에르도스테인)
1451,200400668,에르딘캡슐(에르도스테인)
1452,201804395,에르스토캡슐(에르도스테인)
1453,201802357,에르코프캡슐(에르도스테인)
1454,201700418,에르테인캡슐(에르도스테인)
1455,201801905,에르틴정(엘카르니틴)
1456,201903606,에르펙토정(에르도스테인)
1457,201602501,에르펜캡슐(에르도스테인)
1458,201601896,에리텐캡슐(에르도스테인)
1459,201908100,에모젠정
1460,201401536,에모펜씨정
1461,199202273,에바치온캡슐(글루타티온)
1462,200807945,에버칼정
1463,198500893,에세푸릴캡슐(니푸록사지드)
1464,200403333,에센비정
1465,201602500,에스린정
1466,201308922,에스부펜정(덱시부프로펜)
1467,200903668,에스빈연질캡슐(덱시부프로펜)
1468,202004004,에스빌아세트연질캡슐(아세트아미노펜)
1469,200302371,에스빌연질캡슐(덱시부프로펜)
1470,202004710,에스빌이부연질캡슐200밀리그램(이부프로펜)
1471,200201997,에스케이헤모원캡슐
1472,200300741,에스코판정
1473,201601614,에스텐캡슐300mg(에르도스테인)
1474,200202755,에스프로펜정(덱시부프로펜)
1475,201600361,에시플엔캡슐(바실루스리케니포르미스균)
1476,200002975,에어로민캡슐
1477,201107630,에이노즈연질캡슐
1478,200009333,에이리스정
1479,201307928,에이스린장용정(아스피린)
1480,200403671,에이스펜연질캡슐(나프록센)
1481,201210591,에이에스피장용정100mg(아스피린)
1482,200810996,에이올정
1483,200101871,에이치엘비나프록센정(나프록센나트륨)
1484,200201554,에이치엘비알벤다졸400정
1485,201606431,에이코프연질캡슐
1486,201205977,에이콜연질캡슐
1487,199403378,에이프로젠나프록센나트륨정
1488,199701172,에이프로젠알마게이트정
1489,201301493,에이프록센연질캡슐(나프록센)
1490,200100997,에쟈스민정(로라타딘)
1491,200202266,에치시드정
1492,200003154,에치탑캡슐
1493,201206724,에카린에이정
1494,200503637,에카민씨정
1495,200400550,에카씬정
1496,200302004,에카펜씨정
1497,200101589,에코리자정
1498,201706865,에코파워600정
1499,200810658,에페린플러스정
1500,201701158,에페젠정
1501,200302623,엑사드정75밀리그램(니자티딘)
1502,201206056,엑세라민비정
1503,201902063,엑세라민에이스정
1504,201507762,엑세라민엑소정
1505,202003994,엑세라민프로정
1506,201603178,엑세타민연질캡슐
1507,201707838,엑셀렌비정
1508,201905601,엑셀비타골드정
1509,201405957,엑셀비타프리미엄정
1510,201505862,엑스비타에스정
1511,201505848,엑스비타제이정
1512,201707943,엑스코프에이연질캡슐
1513,201804619,엑스콜노즈정
1514,201309853,엑스콜코프캡슐
1515,201405635,엑스콜콜드에프캡슐
1516,200805926,엑스프리벤정
1517,200100417,엑시펜정(덱시부프로펜)
1518,201801714,엑쎈코연질캡슐
1519,201902137,엑쎈코프에스연질캡슐
1520,201801926,엑쎈콜연질캡슐
1521,199703384,엑코스정
1522,199800308,엑티리딘정
1523,201802819,엑티본연질캡슐
1524,200300769,엔디스캡슐(에르도스테인)
1525,202102443,엔디콜정
1526,200904736,엔비100정
1527,200202873,엔시드8시간이알서방정650mg(아세트아미노펜)
1528,200901148,엔에이피정(나프록센나트륨)
1529,200102013,엔터폴캡슐(니푸록사지드)
1530,201905964,엔테인캡슐(아세틸시스테인)
1531,201503810,엔프렌드연질캡슐(나프록센)
1532,201505921,엘다인캡슐(에르도스테인)
1533,201901374,엘도네오캡슐(에르도스테인)
1534,201602096,엘도라캡슐(에르도스테인)
1535,200300100,엘도란트캡슐(에르도스테인)
1536,200301610,엘도랄정(에르도스테인)
1537,200402912,엘도린캡슐(에르도스테인)
1538,201602684,엘도민캡슐300밀리그램(에르도스테인)
1539,201803233,엘도브론정(에르도스테인)
1540,200404657,엘도브론캡슐300밀리그램(에르도스테인)
1541,201906886,엘도비캡슐(에르도스테인)
1542,201602706,엘도스인캡슐(에르도스테인)
1543,200400951,엘도스타캡슐(에르도스테인)
1544,200301507,엘도스탐캡슐(에르도스테인)
1545,201803487,엘도스테인캡슐(에르도스테인)
1546,201900892,엘도스트캡슐300밀리그램(에르도스테인)
1547,200402328,엘도스틴캡슐(에르도스테인)
1548,200400830,엘도신캡슐(에르도스테인)
1549,201903071,엘도씽캡슐(에르도스테인)
1550,201902226,엘도에스정(에르도스테인)
1551,201603171,엘도원캡슐(에르도스테인)
1552,200301833,엘도인캡슐300밀리그램(에르도스테인)
1553,201601174,엘도진캡슐300밀리그램(에르도스테인)
1554,200404779,엘도캡슐(에르도스테인)
1555,200403710,엘도코프캡슐(에르도스테인)
1556,201803649,엘도클캡슐(에르도스테인)
1557,202000200,엘도테인정(에르도스테인)
1558,200301284,엘도테인캡슐(에르도스테인)(수출명:AldoteinCaps.)
1559,200411048,엘도텍캡슐(에르도스테인)
1560,201906544,엘도텐캡슐(에르도스테인)
1561,202003868,엘도트린캡슐(에르도스테인)
1562,200400151,엘도틴캡슐(에르도스테인)
1563,200404437,엘도펙트캡슐300밀리그램(에르도스테인)
1564,201701108,엘도프로정(에르도스테인)
1565,201906326,엘드로캡슐(에르도스테인)
1566,201805194,엘디오스캡슐(에르도스테인)
1567,201602683,엘레비트정
1568,202000054,엘로스틴캡슐(에르도스테인)
1569,201706739,엘로인캡슐(에르도스테인)
1570,200401445,엘로틴캡슐(에르도스테인)
1571,201904520,엘론드정(엘카르니틴)
1572,201601245,엘리도스캡슐(에르도스테인)
1573,201506633,엘리스정(엘카르니틴)
1574,201805240,엘뮤코정(에르도스테인)
1575,200302177,엘바민정
1576,200301033,엘부날캡슐(에르도스테인)
1577,201801085,엘부틴정(트리메부틴말레산염)
1578,201701161,엘비타정
1579,202002625,엘스인캡슐(에르도스테인)
1580,201601506,엘스타캡슐(에르도스테인)
1581,201804394,엘스테인정(에르도스테인)
1582,200301252,엘스테인캡슐(에르도스테인)
1583,201600445,엘스틴캡슐(에르도스테인)
1584,200600665,엘시콤정
1585,198701583,엘씨500연질캡슐(엘-시스틴)
1586,201707621,엘씨비탐미정
1587,201802556,엘씨펜연질캡슐400mg(이부프로펜)
1588,202002588,엘씨펜원더연질캡슐
1589,201800185,엘카라인정(엘카르니틴)
1590,201904337,엘카렉정(엘카르니틴)
1591,201605943,엘카르닌정(L-카르니틴)
1592,201502335,엘카르씬정(L-카르니틴)
1593,200810951,엘카리나정(엘카르니틴)
1594,200810766,엘카탄정(엘카르니틴)
1595,201801170,엘카틸정(엘카르니틴)
1596,199000361,엘칸정330밀리그램(엘-카르니틴)
1597,198700309,엘칸츄정(엘-카르니틴)
1598,201508139,엘코스텐캡슐(에르도스테인)
1599,200808924,엘퀸정(엘카르니틴)
1600,200713171,엘큐정(엘카르니틴)
1601,201801702,엘타인캡슐(에르도스테인)
1602,200901934,엘탑정(엘카르니틴)
1603,200402508,엘테인캡슐(에르도스테인)
1604,200300502,엘티딘정75밀리그램(라니티딘염산염)
1605,201803392,엘틴정(엘카르니틴)
1606,200402458,엘펙탄캡슐(에르도스테인)
1607,200300251,엘펙트캡슐(에르도스테인)
1608,200202315,엘프로정
1609,201503879,엠지멕스연질캡슐
1610,202001470,엠지멕스플러스연질캡슐
1611,198500436,엠코발500마이크로그램캡슐(메코발라민)
1612,198300374,엠코발캡슐(메코발라민)
1613,200709861,엠티정
1614,200300725,엠피스정
1615,201403389,여우엔연질캡슐(나프록센)
1616,201702436,영비원정
1617,201310133,영일아스피린장용정100mg(아스피린)
1618,201908559,영일알마게이트정500밀리그램
1619,198901605,영일염산암브록솔정
1620,201907042,영진브로멜라인장용정100밀리그램
1621,201903455,영진아미노펜연질캡슐325mg
1622,200200734,영진아스피린장용정
1623,199102447,영풍알마게이트정500밀리그램
1624,200802547,예스비타연질캡슐
1625,201901776,오늘비타고정
1626,201606425,오늘비타더블골드정
1627,200605381,오라드린에프정
1628,201506687,오라비텐정
1629,200400201,오로친에스정
1630,201506383,오로친에프정
1631,198000440,오로페롤연질캡슐100밀리그램(토코페롤아세테이트)
1632,200001328,오메코정
1633,201007341,오메코프에스캡슐
1634,201309579,오메콜에프캡슐
1635,201804933,오스게이트정(알마게이트)
1636,198801103,오스테민캡슐(결정글루코사민황산염)
1637,201405100,오스테인캡슐200밀리그램(아세틸시스테인)
1638,199401315,오스틴암브록솔염산염정
1639,200402065,오스틴엘시스틴연질캡슐500밀리그램
1640,198701124,오스틴이부프로펜정400밀리그램
1641,200511293,오큐바이트프리저비전정
1642,200501899,옥시큐텐연질캡슐
1643,201405135,올나펜연질캡슐(나프록센)
1644,200201855,올바펜정
1645,202001209,올싹정(알벤다졸)
1646,201905670,올펜트리플액션연질캡슐
1647,202003068,올편제에스정
1648,201902006,옵티노즈연질캡슐
1649,201900282,옵티제로연질캡슐(덱시부프로펜)
1650,201901490,옵티코프연질캡슐
1651,201901491,옵티콜드연질캡슐
1652,201207054,와이디1000연질캡슐
1653,202002390,요를레이트로키
1654,202002568,요모겐트로키(플루르비프로펜)
1655,199300255,우노바캡슐
1656,201801353,우루리버정100mg(우르소데옥시콜산)
1657,198100119,우루사정100밀리그램(우르소데옥시콜산)
1658,201307342,우루큐백정
1659,201307682,우루큐백클래식정
1660,200902395,우르스정
1661,199602082,우리들아세틸시스테인캡슐200mg
1662,202005007,우소산정100밀리그램(우르소데옥시콜산)
1663,201401034,욱씬정
1664,201400817,워너비스트롱연질캡슐(덱시부프로펜)
1665,201400732,워너비올리브연질캡슐(이부프로펜)
1666,201701300,원기쏘플러스정
1667,201000406,원더칼-디츄어블정
1668,202005092,원데이에프골드정
1669,201400099,원스타민정
1670,199001232,원알파정(알파칼시돌)
1671,201904379,원폴정(폴산)
1672,201402309,웰다운비정
1673,201206493,웰다운에스정
1674,200502050,웰러드연질캡슐
1675,200500569,웰리드연질캡슐
1676,200403646,웰비타연질캡슐
1677,200502967,웰빙멀티비타연질캡슐
1678,200707958,웰시연질캡슐
1679,200607740,웰큐비타정
1680,200501578,웰타민연질캡슐
1681,199902295,위나시드정
1682,202001969,위드풀캡슐
1683,201908017,위메부틴정150밀리그램(트리메부틴말레산염)
1684,202003322,위모닝정
1685,202002183,위모티콘정(파모티딘)
1686,200201906,위소탄-에프정
1687,201706160,위소탈정
1688,201205150,위스날정
1689,201908208,위앤정
1690,202003528,위엔싹에프정(파모티딘)
1691,200713296,위엔젤정
1692,201700907,위엔탑정
1693,201202780,위제로정
1694,201907666,위크린정
1695,201706804,위클린정
1696,200204275,위트란정
1697,202101754,위편정
1698,200302008,윈다졸정(알벤다졸)
1699,199901480,윈스틴연질캡슐
1700,200905163,윈탈정
1701,201701133,유나모캡슐
1702,201700567,유니도스캡슐(에르도스테인)
1703,201301377,유니온아스피린장용정
1704,199901332,유니자임정
1705,199803684,유니탁정
1706,200302457,유니펙탄캡슐(에르도스테인)
1707,200903081,유닉신정(클로닉신리시네이트)
1708,200401329,유란탁정75밀리그램(라니티딘염산염)
1709,201308190,유리카에스정
1710,201406046,유메이드정
1711,201908384,유미오틴정(비오틴)
1712,201403029,유비백정
1713,201905349,유비센정
1714,201309269,유비스플러스정
1715,201708145,유스테인캡슐(에르도스테인)
1716,201400493,유영아스피린장용정100mg
1717,202000337,유유베노스민정600밀리그램(디오스민)
1718,201907572,유한비타민씨디정
1719,200100586,유한비타민씨정1000mg
1720,201907324,유한아세트아미노펜연질캡슐
1721,201400318,유한아스피린장용정(아스피린)
1722,201404776,유한이부프로펜연질캡슐400mg
1723,200300929,이가덱스캡슐
1724,200300913,이가탄에프캡슐
1725,198500050,이노엔비타메진캡슐
1726,201704764,이노코정
1727,201801344,이니바실루스캡슐(바실루스리케니포르미스균)
1728,200500923,이덴큐캡슐
1729,200301956,이덴트플러스캡슐
1730,201404416,이든알마게이트정
1731,201403938,이든암브록솔염산염정(암브록솔염산염)
1732,200402546,이모나캡슐
1733,200200406,이바내정
1734,199501694,이바펜400밀리그람정(이부프로펜)
1735,201402834,이베다정
1736,200301479,이벤캡슐
1737,201607229,이부뉴펜연질캡슐(이부프로펜)
1738,201700729,이부로엔에스연질캡슐(이부프로펜)
1739,201308385,이부로엔연질캡슐(이부프로펜)
1740,201606897,이부쎈에프정(이부프로펜아르기닌)
1741,201803129,이부엘정
1742,201801688,이부페노정
1743,198500565,이부펜200밀리그램정(이부프로펜)
1744,198800776,이부펜정400mg(이부프로펜)
1745,201502752,이부프렌드연질캡슐
1746,201502753,이부프렌드프로연질캡슐
1747,201110747,이부플러스생정
1748,201707523,이브더블샷연질캡슐
1749,201803371,이브원큐연질캡슐(이부프로펜)
1750,201300116,이브큐레이디연질캡슐
1751,201702297,이브터치연질캡슐
1752,202002308,이브톡질정(클로트리마졸)
1753,201800836,이소프트캡슐
1754,201707212,이스탄캡슐(에르도스테인)
1755,200300463,이알디캡슐(에르도스테인)
1756,201706656,이알펜8시간서방정(아세트아미노펜)
1757,201801617,이어링정
1758,200001186,이엠지연질캡슐
1759,200902884,이젠이캡슐
1760,200100540,이즈펜정
1761,201400785,이지다이트에스정
1762,200301902,이지덴캡슐
1763,201007193,이지목플러스씨캡슐
1764,201601056,이지엔6스트롱연질캡슐(나프록센)
1765,200400463,이지엔6애니연질캡슐(이부프로펜)
1766,201802994,이지엔6에이스연질캡슐(아세트아미노펜)
1767,201301591,이지엔6이브연질캡슐
1768,200400485,이지엔6프로연질캡슐(덱시부프로펜)(수출명:DAUFENSoftCapsule|SPEEDFEN)
1769,200003011,이지정(디시클로민염산염)
1770,201700124,이지콜씨플러스캡슐
1771,201310950,이지펜연질캡슐(덱시부프로펜)
1772,201804192,이클린티엑스캡슐
1773,200905017,이탄탄플러스캡슐
1774,201206625,이텍스아스피린장용정100mg(아스피린)
1775,199302175,이텍스암브록솔정(암브록솔염산염)
1776,198501126,이텍스이부프로펜정400mg(수출명:IPRO|ILJINIBUPROPENTabs.)
1777,200905098,이튼돌플러스캡슐
1778,200905010,이튼튼캡슐
1779,201905287,이티민정40밀리그램(은행엽건조엑스)
1780,201400842,이파워비타연질캡슐
1781,200902364,이프렌에스연질캡슐(덱시부프로펜)
1782,200904846,익수알벤졸정(알벤다졸)
1783,201204813,인코라민스페셜정
1784,201000674,인코라민프리미어정
1785,202002493,인크린정
1786,201900696,인터큐텐연질캡슐
1787,199602408,인테스캡슐200mg(아세틸시스테인)
1788,200600720,인플라정
1789,200000560,일동비타민씨정1000밀리그램(아스코르브산)
1790,201405494,일동폴산정1밀리그램
1791,201705636,일성아세트아미노펜정325밀리그램
1792,201403321,일양나프록센나트륨정
1793,197800242,일양노이시린에이정(규산알루민산마그네슘)
1794,201404893,일양바이오라니티딘정75밀리그램(라니티딘염산염)
1795,201403429,일양바이오아세틸시스테인캡슐200밀리그램
1796,201403192,일양바이오알마게이트정500밀리그램
1797,201801497,일양바이오알벤다졸정
1798,200607870,일양아이콤연질캡슐
1799,201705259,일펜정(이부프로펜리신)
1800,201701617,임팩마그파워연질캡슐
1801,201701196,임팩셀연질캡슐
1802,202000692,임팩칸연질캡슐
1803,201208874,임팩타민실버정
1804,200709544,임팩타민정
1805,201701182,임팩타민케어정
1806,201505018,임팩타민파워에이플러스정
1807,200811364,임팩타민파워정
1808,201102450,임팩타민프리미엄정
1809,201508373,자니큐정75mg(라니티딘염산염)
1810,200002729,자니틴정(니자티딘)
1811,199002349,자믹정(독시라민숙신산염)
1812,198701478,자비론정(독시라민숙신산염)
1813,201310498,자이날큐연질캡슐(나프록센)
1814,198700477,자이드캡슐(니푸록사지드)
1815,200905315,자이펜연질캡슐300mg(덱시부프로펜)
1816,201200930,자임큐텐연질캡슐
1817,200401488,잔시큐정75mg(라니티딘염산염)
1818,201309202,잔큐75정(라니티딘염산염)
1819,200102789,잔타놀정
1820,202000703,잔타뉴정
1821,200400813,잔타딘정
1822,199801258,잔트락틴정
1823,201400606,잘나겔정(알마게이트)
1824,201904700,잘도스캡슐(에르도스테인)
1825,200101844,잘젠정
1826,200808862,장비오캡슐(바실루스리케니포르미스균)
1827,202004112,장이락캡슐(바실루스리케니포르미스균)
1828,201401944,장제로정
1829,199907419,정장생캡슐(바실루스리케니포르미스균)
1830,201604640,제감노즈캡슐
1831,201605439,제감코프캡슐
1832,201505745,제감콜드캡슐
1833,200502661,제나콤정(알벤다졸)
1834,201601453,제노타에이캡슐
1835,200404692,제뉴원트리메부틴말레산염정
1836,200100671,제니드정
1837,200900606,제니텔정(알벤다졸)
1838,201406138,제니틴정75밀리그램(라니티딘염산염)
1839,200308603,제니폴연질캡슐
1840,201501483,제라타딘정(로라타딘)
1841,200903392,제로민연질캡슐(디펜히드라민염산염)
1842,201900244,제로알정(알벤다졸)
1843,200906966,제로정150mg(덱시부프로펜)
1844,201504698,제로코연질캡슐
1845,201206479,제로코프연질캡슐
1846,201103782,제로콜연질캡슐
1847,200202928,제스부틴정(트리메부틴말레산염)
1848,201601324,제스탈정
1849,200709913,제스판골드정
1850,200400114,제이딘정75밀리그램(라니티딘염산염)
1851,201405783,제이부틴정(트리메부틴말레산염)
1852,201904705,제이비정
1853,200713004,제이웰라민연질캡슐
1854,200101022,제이타딘정(로라타딘)
1855,202101087,제일속엔자임이중정
1856,199600559,제일알맥스정500밀리그람(알마게이트)
1857,202003237,제일알벤다졸정
1858,201803206,제일알지싹로라연질캡슐(로라타딘)
1859,201803236,제일알지싹세티연질캡슐(세티리진염산염)
1860,202000726,제일치오스민정(디오스민)
1861,201804475,제일콘드로600정
1862,201206247,제텐비정
1863,198501220,제텐씨정
1864,201305831,제트-유정
1865,200000803,젠가드에프캡슐
1866,200300095,젠빅연질캡슐
1867,201603293,젠빅플러스연질캡슐
1868,201507425,젠스트린트로키(멘톨앤페퍼민트향|페퍼민트향|레몬향|복숭아향)(플루르비프로펜)
1869,201507425,젠스트린트로키(멘톨앤페퍼민트향|페퍼민트향|레몬향|복숭아향)(플루르비프로펜)
1870,201507425,젠스트린트로키(멘톨앤페퍼민트향|페퍼민트향|레몬향|복숭아향)(플루르비프로펜)
1871,201803766,젠콤정(알벤다졸)
1872,200901319,젠타졸정(알벤다졸)
1873,200904724,젠탈정
1874,198701888,젠텔정400밀리그램(알벤다졸)
1875,200301752,젤라펜정
1876,198800154,젤콤정(플루벤다졸)
1877,201802335,젬비오캡슐(엔테로코쿠스페슘스트레인세르넬레68균)
1878,199802175,젯시드에프정
1879,201507405,젯트콤연질캡슐
1880,199202281,조아디오스민캡슐
1881,200302005,조아토닉캡슐(수출용)
1882,201904356,조인본골드정
1883,200811665,조인스탑연질캡슐
1884,200806856,조인콘사민연질캡슐
1885,200704636,조인탑200연질캡슐
1886,201900999,조인탑600정
1887,201907956,조인트맥스프리미엄정
1888,200806797,조인트빅300연질캡슐
1889,201701416,조인파워연질캡슐
1890,200500864,졸리민정
1891,199300217,종근당알벤다졸정
1892,200904516,쥬르택정(세티리진염산염)
1893,200001472,지-비타정
1894,199401025,지노칼정
1895,201310219,지니펜정
1896,200610765,지르텍정(세티리진염산염)
1897,202006253,지벤다졸정(알벤다졸)
1898,201207012,지아이지정75밀리그램(라니티딘염산염)
1899,198601389,지엘로페라미드염산염캡슐
1900,199803095,지엘세티리진염산염정
1901,198701672,지엘소브레롤캡슐
1902,201901869,지엘아스피린장용정100밀리그램
1903,196500051,지엘타이밍정(카페인무수물)
1904,202003288,지엘파모티딘정10밀리그램
1905,199903247,지엘피코락정(피코설페이트나트륨수화물)
1906,199703423,지오연질캅셀
1907,200201233,지펜정300밀리그람(덱시부프로펜)
1908,200300655,진셀몬에스이정
1909,201403118,진셀몬큐디플러스연질캡슐
1910,200500887,진셀몬큐텐정
1911,201905550,진코란정120mg(은행엽건조엑스)
1912,201403146,진탁콜캡슐
1913,200401210,진트로이에프정(트리메부틴말레산염)
1914,201904346,징카민정80mg(은행엽건조엑스)
1915,202001418,징코브이연질캡슐(은행엽건조엑스)
1916,201903442,징키스틴캡슐(히스티딘아연이수화물)
1917,200705423,청명에프연질캡슐
1918,201110192,체스판-에스정
1919,199703010,초당아스피린장용정100mg(아스피린)
1920,201802576,치감플러스정
1921,201701380,치센캡슐(디오스민)
1922,201800133,치스민캡슐(디오스민)
1923,201700909,치아탄캡슐
1924,201902646,치지랜캡슐(디오스민)
1925,202003789,치치렌정(디오스민)
1926,199600201,카네마졸질정100mg(클로트리마졸)
1927,200008589,카네스텐1질정(클로트리마졸)
1928,200008590,카네스텐질정(클로트리마졸)
1929,198802349,카로마스텐질정100밀리그램(클로트리마졸)
1930,201900317,카르닐정(엘카르니틴)
1931,201309887,카르엘정(L-카르니틴)
1932,201604175,카르틴엘정(엘카르니틴)
1933,198400399,카마졸질정(클로트리마졸)
1934,201306123,카메드정
1935,201300642,카바몰에스정
1936,201404490,카바몰프로정(클로르족사존)
1937,201803907,카베진코와알파정
1938,201309382,카베진코와에스정
1939,200512041,카비드츄어블정
1940,199803521,카세롤연질캡슐
1941,201001201,카엘정
1942,200903579,카이로정
1943,201309546,카페린에스정
1944,201800994,카펜에스정
1945,201310413,카푸린에스정
1946,200803254,카필러스캡슐
1947,201605433,칼니틴정(엘카르니틴)
1948,201706447,칼디쓰리정
1949,201801256,칼디쓰리플러스정
1950,201101014,칼디업츄어블정
1951,201908082,칼디온정
1952,202001517,칼디원정
1953,200500186,칼디텍츄어블정
1954,200607004,칼디플러스정
1955,201708135,칼맥포르테연질캡슐
1956,201506490,칼본디연질캡슐
1957,201604250,칼본맥스연질캡슐
1958,200905411,칼비타디정
1959,200612567,칼시롤정
1960,202100962,칼시맥스500정
1961,200410715,칼테오-40정(Calteo-40Tablets)
1962,201101004,칼트레이트디400
1963,201307158,칼트레이트플러스디500정
1964,201501315,캐롤디연질캡슐(덱시부프로펜)
1965,201802398,캐롤비노즈연질캡슐
1966,201802397,캐롤비코프연질캡슐
1967,201802672,캐롤비콜드연질캡슐
1968,200703429,캐롤에프정(이부프로펜아르기닌)
1969,201306492,캐롤엔연질캡슐(나프록센)
1970,201400293,캐치콜에스연질캡슐
1971,200906384,케라민캡슐
1972,200905074,케라스트캡슐
1973,200908116,케라시딜캡슐
1974,201905996,케라티딘캡슐
1975,201402338,케어담정
1976,201908706,케어모블캡슐
1977,200500432,케어본플러스정
1978,201402579,케어칼디엠정
1979,200301504,케어코프캡슐
1980,200403731,케이비티딘정75밀리그램(라니티딘염산염)
1981,200404702,케이시드듀오정
1982,201900221,케이아스피린장용정(아스피린)
1983,199202495,케이엠에스알마게이트정(수출명:M-magelTablet)
1984,201802575,코감노즈정
1985,201904653,코감콜캡슐
1986,199701033,코나진정(세티리진염산염)(수출명:알리코염산세티리진정|보파세티리진나정|자이조세트정)
1987,200102667,코드랍정
1988,201601597,코드렌연질캡슐
1989,200807582,코딜로드정
1990,200301851,코로닌연질캡슐
1991,201502441,코리투살에스노즈연질캡슐
1992,201502442,코리투살에스코프연질캡슐
1993,201502443,코리투살에스콜드연질캡슐
1994,200402597,코린투에스정
1995,198701674,코마딘질정100밀리그람(클로트리마졸)
1996,201802107,코만코정
1997,201706199,코메키나캡슐
1998,200100614,코미정
1999,200100795,코비안에스정
2000,201702324,코스빌연질캡슐(덱시부프로펜)
2001,200905018,코스펜정
2002,200300826,코애드에프정
2003,200001377,코애드정
2004,200901232,코엔드에프캡슐
2005,200501103,코엔큐연질캡슐(수출명:CAROLBICSOFTCAPSULE)
2006,202001554,코자미연질캡슐(디펜히드라민염산염)
2007,199702105,코졸텍정(세티리진염산염)
2008,200607838,코큐민연질캡슐
2009,201002100,코큐비타엠정
2010,200704407,코큐텐비타알부정
2011,200811106,코큐헬씨타민연질캡슐
2012,200902740,코크린정
2013,200608339,코텐비타연질캡슐
2014,201004043,코텐파워연질캡슐
2015,202002383,코트리나캡슐
2016,200301808,코푸스탑플러스연질캡슐
2017,200100592,코푸정에스
2018,200603871,코프렐정(벤프로페린인산염)
2019,201802696,코프패스연질캡슐
2020,201101007,콘도비타300연질캡슐
2021,200806857,콘드로빅300연질캡슐
2022,199901507,콘로인캡슐(콘드로이틴설페이트나트륨)
2023,201102543,콘비400정
2024,202003123,콘비로600정
2025,202005133,콘빅600정
2026,200500435,콘센비타연질캡슐
2027,201308169,콘센비타프리미엄정
2028,202004825,콘조탑골드600정
2029,201005799,콘탑스연질캡슐
2030,200607735,콘택골드캡슐
2031,200904644,콘트라스300연질캡슐
2032,201205653,콘티600정
2033,199804594,콘티박스디연질캡슐
2034,200810828,콘티아민연질캡슐
2035,201800911,콘티플러스연질캡슐
2036,201706382,콘파워600정
2037,200607843,콜그린에이캡슐
2038,200403886,콜다운연질캡슐
2039,200703357,콜드큐정
2040,201708199,콜드펜노즈연질캡슐
2041,201708198,콜드펜연질캡슐
2042,201708197,콜드펜코프연질캡슐
2043,201401660,콜락연질캡슐
2044,200403327,콜레논연질캡슐(수출명:DreamwaySoftCapsule)
2045,200403873,콜레스텐연질캡슐
2046,200100837,콜민-에이정
2047,201802693,콜민코연질캡슐
2048,201802694,콜민코프연질캡슐
2049,201802695,콜민콜드연질캡슐
2050,200302254,콜바스타에프정
2051,200402856,콜스롤연질캡슐
2052,200710427,콜스탑연질캡슐
2053,201803439,콜스펜연질캡슐
2054,201803440,콜스펜코프연질캡슐
2055,201802154,콜제로연질캡슐
2056,200003488,콜콜에스캡슐
2057,200704918,콜콜코정
2058,200806462,콜콜코프캡슐
2059,202006992,콜콜트로키
2060,199701024,콜핀정(수출명:페러그립씨정)
2061,200402580,콤비올에이정
2062,201403328,쾌락스정
2063,200502133,쾌이락큐정
2064,200903737,쿨드림연질캡슐(디펜히드라민염산염)
2065,200502054,쿨리브정
2066,200607944,쿨펜탑정
2067,201404163,퀵센연질캡슐(나프록센)
2068,201402316,퀵플러스연질캡슐
2069,201802219,큐라민골드정
2070,201601522,큐락스정
2071,199700553,큐란정75밀리그램(라니티딘염산염)
2072,201907485,큐센400이부프로펜연질캡슐
2073,201900682,큐센연질캡슐(나프록센)
2074,200902214,큐시드정
2075,201606139,큐엔디1000연질캡슐
2076,201310615,큐엔타민골드정
2077,199400500,큐자임정
2078,201307410,큐텐시스연질캡슐
2079,201007339,큐텐업골드연질캡슐
2080,200608158,큐텐훌연질캡슐
2081,201310777,큐티딘정75mg(라니티딘염산염)
2082,201402095,큐피코와골드알파정
2083,200003819,크라렉신정
2084,199101970,크레닉정125밀리그람(클로닉신리시네이트)
2085,201205361,크레온캡슐10000(판크레아스분말)
2086,201205362,크레온캡슐25000(판크레아스분말)
2087,201205364,크레온캡슐40000(판크레아스분말)
2088,200608418,크로나펜정
2089,198400830,크로낙정(클로닉신리시네이트)
2090,201706689,크로니신연질캡슐(클로닉신리시네이트)
2091,201603096,크로닌연질캡슐(클로닉신리시네이트)
2092,198900578,크로부틴정(트리메부틴말레산염)
2093,201403975,크로세펜정
2094,201803130,크로쎈연질캡슐(클로닉신리시네이트)
2095,201804386,크로씬탑연질캡슐(클로닉신리시네이트)
2096,201402060,크로아존정
2097,199702485,크로펜정(클로닉신리시네이트)
2098,198800901,크록신정250밀리그램(클로닉신리시네이트)(수출명:돌핀정)
2099,201606264,크록쎈연질캡슐(클로닉신리시네이트)
2100,200708094,크린브라이트연질캡슐
2101,200501216,크린탈정(아세트아미노펜)
2102,200905692,클라리틴정(로라타딘)
2103,200301596,클라펜정
2104,201804349,클로나인연질캡슐(클로닉신리시네이트)
2105,200204384,클로닉정125밀리그램(클로닉신리시네이트)
2106,201501471,클로다펜정(클로르족사존)
2107,201507256,클로딘연질캡슐(로라타딘)
2108,201708036,클로맥스연질캡슐(클로닉신리시네이트)
2109,201400262,클로사펜정
2110,201504327,클로스펜정
2111,201310409,클로엠정
2112,200301966,클록펜정
2113,199804342,클리네정(클로닉신리시네이트)(수출명:COKLINTablet)
2114,201310681,클리마졸질정(클로트리마졸)
2115,200002385,클리신정(클로닉신리시네이트)(수출명:CLICINTab)
2116,201501029,클리어딘연질캡슐(로라타딘)
2117,202104759,클리어미정
2118,200003155,클리타정(클로닉신리시네이트)
2119,201105150,클린파워연질캡슐
2120,201906999,키도멜라인장용정(브로멜라인)
2121,201006886,키드칼골드츄어블정
2122,197100081,키모랄에스정
2123,201901046,키미테정
2124,201800980,키즈부스터비타츄어블정
2125,201203630,키즈빅골드츄어블정
2126,201505023,키즈애드츄어블정
2127,201404153,키즈팡츄어블정(수출명:KidsPangChewableTab.|Yukidschewabletablet)
2128,201900813,키즈퐁멀티비타츄어블정
2129,201104795,키즈하이츄어블정
2130,201108895,키토실츄어블정
2131,201706678,킥노즈에프연질캡슐
2132,201702682,킥센연질캡슐(나프록센)
2133,201706677,킥코프에프연질캡슐
2134,201707524,킥콜연질캡슐
2135,200500570,타나센정
2136,198200120,타라부틴정(트리메부틴말레산염)(수출명:뉴트리소젠정)
2137,200102658,타렌스탑캡슐
2138,201902973,타미노펜연질캡슐(아세트아미노펜)
2139,201707307,타미스펜8시간이알서방정(아세트아미노펜)
2140,199802656,타미진정(세티리진염산염)[수출명:아세르텍정|지레텍정|세진정|알파세진정|ZERINTab.]
2141,200201482,타세놀8시간이알서방정(아세트아미노펜)
2142,201800567,타세놀8시간이알서방정325밀리그램(아세트아미노펜)
2143,201504877,타세놀정500밀리그램(아세트아미노펜)
2144,200005321,타스나정(탄산수소나트륨)
2145,199600669,타스멘정(아세트아미노펜)
2146,200000999,타스펜8시간이알서방정650밀리그람(아세트아미노펜)(수출명:도로돈이알정)
2147,200502086,타이리콜8시간이알서방정(아세트아미노펜)
2148,201802995,타이맥스연질캡슐(아세트아미노펜)
2149,201101833,타이쿨에프연질캡슐
2150,200402947,타이펜8시간이알서방정
2151,197100015,타치온정50밀리그램(글루타티온(환원형))
2152,201602703,탁센400이부프로펜연질캡슐
2153,202001495,탁센덱시연질캡슐(덱시부프로펜)
2154,201908533,탁센엠지연질캡슐
2155,200710782,탁센연질캡슐(나프록센)
2156,201801089,탁센이브연질캡슐
2157,201905304,탄시나정
2158,201802103,탈리부틴정200밀리그램(트리메부틴말레산염)
2159,200202423,탈스탑캡슐
2160,200302521,탐부틴정200밀리그램(트리메부틴말레산염)
2161,199901047,태극나렉신정(나프록센나트륨)(수출명:NAPRONEWTABLET)
2162,199701242,태극탄산칼슘정(침강탄산칼슘)
2163,201100502,터논연질캡슐(덱시부프로펜)
2164,200300976,테라400정
2165,202005491,테라록센연질캡슐(나프록센)
2166,201607131,테라비타연질캡슐
2167,200401295,테라빅정
2168,201700732,테라젠비타골드정
2169,201802301,테라콘600에프정
2170,201504332,테라콘800정
2171,202007739,테라콜드연질캡슐
2172,200707521,테스톤지-플러스연질캡슐
2173,201907910,테스톤지큐플러스연질캡슐
2174,201500662,텐다나민캡슐
2175,200700800,텐텐츄정
2176,201400980,텐파워플러스연질캡슐
2177,201801145,템페라연질캡슐
2178,198601478,토레스정(트리메부틴말레산염)
2179,201502766,토르민정
2180,201602140,토마벤연질캡슐
2181,200904590,토마스연질캡슐
2182,201708579,토마쎈플러스연질캡슐
2183,200308625,토코그린연질캡슐
2184,200905562,토코네슘연질캡슐
2185,201003043,토코엔지연질캡슐
2186,201405300,토코탑연질캡슐
2187,201503559,토코토닉연질캡슐
2188,199201154,토파제정
2189,198901917,톨시렌연질캡슐
2190,201801088,통클리어연질캡슐(클로닉신리시네이트)
2191,199703566,통키파에이정(나프록센나트륨)
2192,199701234,투렌정(벤프로페린인산염)
2193,201801021,투수콜포르테연질캡슐
2194,200300092,투스딘골드캡슐
2195,201900848,투스테인캡슐(아세틸시스테인)
2196,201907177,투엑스비골드100정
2197,201803650,투엑스비골드정
2198,202003660,투엑스비듀얼정
2199,201705252,투엑스비엠연질캡슐
2200,202002496,투엑스비쥬니어츄어블정
2201,201606414,투와이스플러스연질캡슐
2202,201501074,투콜캡슐
2203,200501234,투헬스연질캡슐
2204,199100632,튜란트캡슐100밀리그램(아세틸시스테인)
2205,199100626,튜란트캡슐200밀리그램(아세틸시스테인)
2206,199800767,트라몰8시간서방정650밀리그람(아세트아미노펜)
2207,199300758,트라몰정160밀리그람(아세트아미노펜)
2208,199500466,트라몰정325밀리그람(아세트아미노펜)
2209,201901425,트라밍엔정
2210,200904777,트라부틴정(트리메부틴말레산염)
2211,201603141,트란시노2정
2212,200906073,트랜미정
2213,198801117,트레스비정
2214,201405939,트레스오릭스포르테캡슐
2215,198701352,트레스오릭스훠트정
2216,200905903,트레스탄츄정
2217,197400262,트레스탄캡슐
2218,201900930,트레코정
2219,200607734,트루비타정
2220,202001792,트리가정(트리메부틴말레산염)
2221,200101633,트리겔정
2222,198800902,트리마정200밀리그램(트리메부틴말레산염)
2223,201404706,트리멘정(트리메부틴말레산염)
2224,199801625,트리부틴정200밀리그램(트리메부틴말레산염)
2225,201707306,트리스펜8시간이알서방정(아세트아미노펜)
2226,201110120,트리스펜연질캡슐(이부프로펜)
2227,201907458,트리싹정200밀리그램(트리메부틴말레산염)
2228,200502294,트리앤정(트리메부틴말레산염)
2229,200204369,트리엠정100밀리그램(트리메부틴말레산염)
2230,201901113,트리원정100밀리그램(트리메부틴말레산염)
2231,200102769,트리페린정(수출명:RHIGESTTab.|ColColCoTablet)
2232,201900048,트리플펜연질캡슐
2233,201405450,트릴로신정
2234,200002714,트립라인정
2235,201405107,티노큐정75mg(라니티딘염산염)
2236,200706280,티라노골드츄어블정
2237,201902565,티라노골드플러스츄어블정
2238,200003096,티리진정10밀리그램(세티리진염산염)
2239,200202847,티메롤8시간이알서방정(아세트아미노펜)
2240,198300476,티메틴정(트리메부틴말레산염)(수출명:OZIMETINETab.)
2241,201907188,티뮤즈연질캡슐
2242,200900674,티스란에프캡슐
2243,201705493,티스탑에프캡슐
2244,200400752,티알부틴정(트리메부틴말레산염)
2245,202003410,티엔코연질캡슐
2246,202003344,티엔코프연질캡슐
2247,202003343,티엔콜연질캡슐
2248,201500041,티지피파모티딘정10밀리그램
2249,201904332,티테인캡슐(아세틸시스테인)
2250,200400067,티티아민정(수출명:JECOMVITATABLET|BEEFIXIMINTABLET)
2251,202000704,티파딘정10mg(파모티딘)
2252,200003060,틴자정(니자티딘)
2253,201900962,파나덱스정300밀리그램(덱시부프로펜)
2254,199601084,파나콘정
2255,200904649,파라스트캡슐
2256,200100944,파라존정
2257,199802236,파로네프캡슐
2258,200612754,파로베캡슐
2259,199801474,파마메코발라민정(메코발라민)
2260,199801435,파마탄산칼슘정
2261,202000472,파메딘정10밀리그램(파모티딘)
2262,198601285,파메콘정
2263,202001195,파모딘정10밀리그램(파모티딘)
2264,202003411,파모윈정(파모티딘)
2265,200302155,파모콤푸츄정
2266,202000577,파모퀸정10밀리그램(파모티딘)
2267,202002034,파모큐정(파모티딘)
2268,202002541,파모타제정10밀리그램(파모티딘)
2269,202001328,파모탑정(파모티딘)
2270,202001760,파모텍스정10밀리그램(파모티딘)
2271,202000831,파모트리정10밀리그램(파모티딘)
2272,201306176,파미딘정(파모티딘)
2273,199302512,파밀라제정
2274,200904207,파베린정
2275,199102276,파비스암브록솔염산염정
2276,199602310,파비스염산메클리진정
2277,201907748,파비시드정
2278,201206882,파비안에스정
2279,201502375,파세몰비타정
2280,201701352,파워본앤킹연질캡슐
2281,201007309,파워본연질캡슐
2282,201900720,파워비큐정
2283,201504790,파워비타비백정
2284,201607393,파워비타연질캡슐
2285,201900736,파워쎈연질캡슐
2286,200803561,파워씨연질캡슐
2287,200710124,파워아민연질캡슐
2288,201908022,파워액티브정
2289,201907712,파워에이정
2290,201508496,파워콘친골드연질캡슐
2291,201801538,파워콜노즈연질캡슐
2292,201003989,파워콜에스연질캡슐
2293,201801178,파워콜코프연질캡슐
2294,201702265,파워킹연질캡슐
2295,201004044,파워톤연질캡슐
2296,200102920,파워폴연질캡슐(수출명:POWERPOLL)
2297,200301589,파이에온정
2298,201606148,파인싹연질캡슐(클로닉신리시네이트)
2299,201904588,파인에스정
2300,201301235,파인펜정
2301,198300605,파자임-95밀리그램이중정
2302,201600173,파자임에어프리츄어블정(시메티콘산)
2303,202000598,파탁정10밀리그램(파모티딘)
2304,199301091,파티겔정(알마게이트)
2305,200100323,팍스정(덱시부프로펜)
2306,202003596,팍쎈연질캡슐(나프록센)
2307,201507722,판그로캡슐
2308,199501958,판디탈정
2309,201006075,판시딜캡슐
2310,201600878,판이실캡슐
2311,200902556,판코타제정
2312,202102900,판크레아정
2313,198800622,판크론정
2314,199600367,판키아제정
2315,200600134,판테민정(판테틴)
2316,200210304,판토가캅셀
2317,200905591,판토마그정
2318,201701163,판토시딜캡슐
2319,200600625,팜스비타에프연질캡슐
2320,200711036,팜스타정
2321,201908518,팜시드정10밀리그램(파모티딘)
2322,201804159,팜젠산화마그네슘정
2323,201401232,팜젠암브록솔염산염정30mg
2324,200103884,팜코라민정(수출용)
2325,201906059,팜페인이부연질캡슐(이부프로펜)
2326,201803970,팜페인파워연질캡슐(나프록센)
2327,201906058,팜페인프로연질캡슐(덱시부프로펜)
2328,201903799,팜플루노즈연질캡슐
2329,201903798,팜플루코프연질캡슐
2330,201903800,팜플루콜드연질캡슐
2331,201310642,패튼정
2332,201200715,팩트라민정
2333,200103343,팬스타정(덱시부프로펜)
2334,196000011,페니라민정(클로르페니라민말레산염)
2335,197600345,페리나정
2336,200400766,페리닥터캡슐
2337,200402806,페리비타캡슐
2338,200801836,페릭신정(클로닉신리시네이트)
2339,200904881,페인엔젤-프로연질캡슐(덱시부프로펜)
2340,202005006,페인엔젤레이디연질캡슐
2341,201404406,페인엔젤센연질캡슐(나프록센)
2342,201403380,페인엔젤이부연질캡슐(이부프로펜)
2343,199200706,페타론정
2344,200512200,펙소나딘정120밀리그램(펙소페나딘염산염)
2345,200500162,펙손정120밀리그램(펙소페나딘염산염)
2346,201400030,펜다나정
2347,199601484,펜세타정(아세트아미노펜제피세립)
2348,201507100,펜스톱연질캡슐(덱시부프로펜)
2349,201901304,펜실연질캡슐
2350,201604641,펜싹코연질캡슐
2351,201604711,펜싹코프연질캡슐
2352,201604720,펜싹콜연질캡슐
2353,201901959,펜싹프레쉬연질캡슐
2354,201309963,펜잘8시간이알서방정(아세트아미노펜)
2355,200810700,펜잘큐정
2356,201307514,펜콜정
2357,201906421,펜타셀100마이크로그램퍼오랄정(아셀렌산나트륨오수화물)
2358,200100960,펜타우드정(덱시부프로펜)
2359,201907809,펜탁연질캡슐
2360,202001730,펩티스정(파모티딘)
2361,200101555,포나민정
2362,200200561,포리겔정
2363,200712325,포리그론연질캡슐
2364,198500384,포리라제정
2365,198000170,포리부틴정(트리메부틴말레산염)
2366,200300470,포리부틴정150mg(트리메부틴말레산염)
2367,200708039,포리스탈정(트리메부틴말레산염)
2368,200201812,포린정
2369,199102275,포린피아정(독시라민숙신산염)
2370,200301181,포부틴정(트리메부틴말레산염)
2371,201803409,포세라정
2372,201202718,포인타민정
2373,198900920,폭센정275밀리그램(나프록센나트륨)
2374,201405347,폴가정(폴산)
2375,201704840,폴레디정(폴산)
2376,201108206,폴리아린에프캡슐
2377,201804840,폴민정(폴산)
2378,201707853,폴비정
2379,199802670,폴시드정(폴산)
2380,201110563,폴시드정0.4밀리그램(폴산)
2381,201106789,폴엔정(폴산)
2382,201002190,폴원연질캡슐(폴산)
2383,201400542,푸러펜정
2384,201803833,푸레파베인캡슐(디오스민)
2385,201708634,푸로싹연질캡슐(나프록센)
2386,201900606,푸로콜에이캡슐
2387,201903830,푸르펜정
2388,201006592,푸른비타정
2389,199602312,푸리타제정
2390,200703087,푸마훼린연질캡슐
2391,200403625,푸푸에프연질캡슐
2392,201404088,풀리겐정(클로르족사존)
2393,201508275,풀린애연질캡슐
2394,202000002,프라맥스캡슐(디오스민)
2395,200500704,프라스칼-디정750밀리그람
2396,201301656,프라임아스피린장용정100밀리그램
2397,201500683,프러펜400연질캡슐(이부프로펜)
2398,201606922,프로부틴정(트리메부틴말레산염)
2399,201403431,프로센골드연질캡슐(나프록센)
2400,199000568,프로트린정(나프록센나트륨)
2401,200200502,프로틴정(니자티딘)
2402,200904441,프로펜디연질캡슐(덱시부프로펜)
2403,201906528,프루펜비연질캡슐
2404,199802621,프리나정(나프록센나트륨)
2405,200001493,프리넥캡슐
2406,200001519,프리노즈정
2407,200103882,프리메정(덱시부프로펜디.씨)
2408,201707965,프리미엄미네코다정
2409,201604917,프리번정
2410,201001804,프리비정
2411,201403991,프리센연질캡슐(나프록센)
2412,201701140,프리스펜연질캡슐(이부프로펜)
2413,200702264,프리아제정
2414,201502813,프리아틸정600mg(아세틸시스테인)
2415,201908448,프리에나연질캡슐
2416,201800231,프리에스연질캡슐(클로닉신리시네이트)
2417,201707302,프리엔에프연질캡슐(나프록센)
2418,200905196,프리엔연질캡슐(덱시부프로펜)
2419,200100673,프리카바에프캡슐(수출명:FreecofCapsules)
2420,201206435,플러스디정(콜레칼시페롤농축분말)
2421,201600490,플로라딘연질캡슐(로라타딘)
2422,201801393,플로리진연질캡슐(세티리진염산염)
2423,202004847,플루코프캡슐
2424,202004816,플루콜캡슐
2425,201800673,피드펜정
2426,200300376,피로펜정
2427,201204675,피엠지폴산정
2428,200904391,핑크프로캡슐
2429,200804083,하나막스정(수출명;DIDHANAMAXTablet)
2430,198800193,하노백연질캡슐1000아이유(비타민이)
2431,201103356,하노백플러스정
2432,201310516,하드칼츄어블이지정
2433,200201481,하드칼츄어블정
2434,201003954,하드코프캡슐
2435,200904915,하드콜연질캡슐
2436,200202343,하디코정
2437,200301913,하디코프에프정
2438,201707551,하디콜에스연질캡슐
2439,200202342,하디콜정
2440,202101916,하디큐노즈연질캡슐
2441,202102171,하디큐콜드연질캡슐
2442,200403682,하디펜에프연질캡슐
2443,200201776,하벤목에스캡슐
2444,201309581,하벤유에스캡슐
2445,201405163,하벤코정
2446,201306862,하벤코프큐연질캡슐
2447,201306597,하벤콜큐연질캡슐
2448,201306861,하벤큐연질캡슐
2449,200501892,하벤파워에스캡슐
2450,201804378,하벤허브에프캡슐
2451,199702846,하원세티리진정(세티리진염산염)
2452,201308924,하원아스피린장용정100mg
2453,199601068,하이라제정
2454,200003320,하이마린연질캡슐
2455,200300703,하이비날골드정
2456,201601600,하이소밍에이정
2457,200103049,하이스탈정
2458,201005773,하이스펜연질캡슐(이부프로펜)
2459,201908257,하이카디정
2460,201104457,하이타민정
2461,199802684,하이티딘정
2462,200808686,하이펜정
2463,199501262,한국유나이티드산화마그네슘정250mg
2464,201307503,한미리렉스정200밀리그램(클로르족사존)
2465,199907335,한미알마게이트정500밀리그램(알마게이트)
2466,202000440,한미치쏙정600밀리그램(디오스민)
2467,201403390,한솔나프록센연질캡슐
2468,201103366,한솔이부프로펜연질캡슐
2469,200002302,한신코푸담캡슐
2470,200002301,한신한스콜에스캡슐
2471,200400364,한올트리메부틴말레산염정
2472,202101152,핫도리정
2473,201400681,해그린캡슐(아세틸시스테인)
2474,202000239,해소민에스캡슐
2475,201901096,해슈펜에프정
2476,201607019,헤모나민정
2477,200001638,헤모니아캡슐(폴리사카리드철착염)
2478,202003917,헤모데이캡슐(폴리사카리드철착염)
2479,200401318,헤모드림캡슐
2480,201605155,헤모락에이캡슐
2481,200807721,헤모렌캡슐
2482,200807669,헤모로빈연질캡슐
2483,201802916,헤모맘플러스캡슐
2484,201501348,헤모스민캡슐(디오스민)
2485,199801815,헤모케어정
2486,200300961,헤모콤플러스연질캡슐(수출명:COMHEMO)
2487,201400746,헤모퀸골드엠캡슐
2488,200903378,헤모퀸골드캡슐
2489,201701293,헤모퀸골드플러스캡슐
2490,200403634,헤모퀸탑연질캡슐
2491,201700750,헤모큐수정
2492,200704813,헤모큐플러스캡슐
2493,200403042,헤모테인캡슐
2494,201707596,헤모포민에스35정
2495,201501150,헤모포민큐캡슐
2496,200606537,헤모포스정
2497,200809301,헤몰빈큐플러스캡슐
2498,200404781,헤파비트에프연질캡슐
2499,201708567,헤파톡시온정(글루타티온(환원형))
2500,200809185,헤파플러스연질캡슐
2501,200903210,헤파피스연질캡슐
2502,198700511,헬민200연질캡슐(아르기닌티디아시케이트)
2503,201801963,헬씨닉정
2504,201003955,헬씨민큐연질캡슐
2505,200809810,헬씨큐플러스연질캡슐
2506,201310391,헬씨파워연질캡슐
2507,201505138,헬티스에프캡슐
2508,201310717,헬프비타포르테연질캡슐
2509,200904547,헵타마인플러스연질캡슐
2510,201903082,현대에르도스테인캡슐
2511,201700503,혈앤보알파연질캡슐
2512,200501637,홈타민에이연질캡슐
2513,199401734,화니돌0.5마이크로그램연질캡슐(알파칼시돌)
2514,201300045,화이투벤씨플러스캡슐
2515,201300034,화이투벤큐노즈연질캡슐
2516,201300036,화이투벤큐연질캡슐
2517,201300035,화이투벤큐코프연질캡슐
2518,200101554,화인코프에이캡슐
2519,201006534,화일알벤다졸정
2520,201600391,화콜씨노즈연질캡슐
2521,201600358,화콜씨코프연질캡슐
2522,201600731,화콜씨콜드연질캡슐
2523,201109442,화콜클래식원연질캡슐
2524,201403391,확펜연질캡슐(나프록센)
2525,200903935,활비에이캡슐
2526,201103986,후라베린큐엑스정
2527,199803133,후라워정(세티리진염산염)
2528,200000559,후루케어캡슐200밀리그램(아세틸시스테인)
2529,198200131,후루테날캡슐(소브레롤)
2530,200300737,후리졸정(알벤다졸)
2531,199601838,후바후바정
2532,201402565,훼너에스연질캡슐
2533,200403678,훼너지캡슐
2534,200500150,훼러진플러스캡슐
2535,201805238,훼럼포유연질캡슐
2536,200501190,훼로모아캡슐
2537,200101738,훼로바-유서방정(건조황산제일철)
2538,201606593,훼로바맘스케어정
2539,200400925,훼로바프리미엄캡슐
2540,201800754,훼로큐캡슐
2541,200401058,훼르친캡슐
2542,200906473,훼리너프에프캡슐
2543,201900678,훼리너프지캡슐
2544,200600573,훼리너프캡슐
2545,201110661,훼리맘큐연질캡슐
2546,201801073,훼리큐캡슐
2547,200300281,훼리탑에프캡슐
2548,200000569,훼리탑캡슐(글루콘산제이철나트륨착염)
2549,201707836,훼리폴엠캡슐
2550,200802921,훼리폴캡슐
2551,201802453,휴게이트정500밀리그램(알마게이트)
2552,201502420,휴니즈아세틸시스테인캡슐200mg
2553,201502862,휴니즈트리메부틴말레산염정
2554,201900852,휴덱시연질캡슐(덱시부프로펜)
2555,201908418,휴도스캡슐(에르도스테인)
2556,201802315,휴러진연질캡슐(세티리진염산염)
2557,201404696,휴비스트아스피린장용정
2558,199903219,휴온스아세틸시스테인캡슐200mg(수출명:MUCOCAPCAP.|MUCETINECAP.)
2559,201507768,휴텍스라니티딘정75mg(라니티딘염산염)
2560,201802534,휴텍스아스피린장용정100mg(아스피린)
2561,199600089,휴텍스에이에이피정325밀리그람(아세트아미노펜제피세립)
2562,201505342,휴펜정
2563,200503599,흑캡슐200밀리그람(약용탄)
2564,201605724,히트펜정
2565,202100523,힙스브이파워정
